codigo_comuna,nombre_comuna,codigo_provincia,codigo_region,nombre_region
1101,IQUIQUE,11,1,Tarapacá
1107,ALTO HOSPICIO,11,1,Tarapacá
1401,POZO ALMONTE,14,1,Tarapacá
1402,CAMIÑA,14,1,Tarapacá
1403,COLCHANE,14,1,Tarapacá
1404,HUARA,14,1,Tarapacá
1405,PICA,14,1,Tarapacá
2101,ANTOFAGASTA,21,2,Antofagasta
2102,MEJILLONES,21,2,Antofagasta
2103,SIERRA GORDA,21,2,Antofagasta
2104,TALTAL,21,2,Antofagasta
2201,CALAMA,22,2,Antofagasta
2202,OLLAGÜE,22,2,Antofagasta
2203,SAN PEDRO DE ATACAMA,22,2,Antofagasta
2301,TOCOPILLA,23,2,Antofagasta
2302,MARÍA ELENA,23,2,Antofagasta
3101,COPIAPÓ,31,3,Atacama
3102,CALDERA,31,3,Atacama
3103,TIERRA AMARILLA,31,3,Atacama
3201,CHAÑARAL,32,3,Atacama
3202,DIEGO DE ALMAGRO,32,3,Atacama
3301,VALLENAR,33,3,Atacama
3302,ALTO DEL CARMEN,33,3,Atacama
3303,FREIRINA,33,3,Atacama
3304,HUASCO,33,3,Atacama
4101,LA SERENA,41,4,Coquimbo
4102,COQUIMBO,41,4,Coquimbo
4103,ANDACOLLO,41,4,Coquimbo
4104,LA HIGUERA,41,4,Coquimbo
4105,PAIGUANO,41,4,Coquimbo
4106,VICUÑA,41,4,Coquimbo
4201,ILLAPEL,42,4,Coquimbo
4202,CANELA,42,4,Coquimbo
4203,LOS VILOS,42,4,Coquimbo
4204,SALAMANCA,42,4,Coquimbo
4301,OVALLE,43,4,Coquimbo
4302,COMBARBALÁ,43,4,Coquimbo
4303,MONTE PATRIA,43,4,Coquimbo
4304,PUNITAQUI,43,4,Coquimbo
4305,RÍO HURTADO,43,4,Coquimbo
5101,VALPARAÍSO,51,5,Valparaíso
5102,CASABLANCA,51,5,Valparaíso
5103,CONCÓN,51,5,Valparaíso
5104,JUAN FERNÁNDEZ,51,5,Valparaíso
5105,PUCHUNCAVÍ,51,5,Valparaíso
5107,QUINTERO,51,5,Valparaíso
5109,VIÑA DEL MAR,51,5,Valparaíso
5201,ISLA DE PASCUA,52,5,Valparaíso
5301,LOS ANDES,53,5,Valparaíso
5302,CALLE LARGA,53,5,Valparaíso
5303,RINCONADA,53,5,Valparaíso
5304,SAN ESTEBAN,53,5,Valparaíso
5401,LA LIGUA,54,5,Valparaíso
5402,CABILDO,54,5,Valparaíso
5403,PAPUDO,54,5,Valparaíso
5404,PETORCA,54,5,Valparaíso
5405,ZAPALLAR,54,5,Valparaíso
5501,QUILLOTA,55,5,Valparaíso
5502,CALERA,55,5,Valparaíso
5503,HIJUELAS,55,5,Valparaíso
5504,LA CRUZ,55,5,Valparaíso
5506,NOGALES,55,5,Valparaíso
5601,SAN ANTONIO,56,5,Valparaíso
5602,ALGARROBO,56,5,Valparaíso
5603,CARTAGENA,56,5,Valparaíso
5604,EL QUISCO,56,5,Valparaíso
5605,EL TABO,56,5,Valparaíso
5606,SANTO DOMINGO,56,5,Valparaíso
5701,SAN FELIPE,57,5,Valparaíso
5702,CATEMU,57,5,Valparaíso
5703,LLAILLAY,57,5,Valparaíso
5704,PANQUEHUE,57,5,Valparaíso
5705,PUTAENDO,57,5,Valparaíso
5706,SANTA MARÍA,57,5,Valparaíso
5801,QUILPUÉ,58,5,Valparaíso
5802,LIMACHE,58,5,Valparaíso
5803,OLMUÉ,58,5,Valparaíso
5804,VILLA ALEMANA,58,5,Valparaíso
6101,RANCAGUA,61,6,Libertador General Bernardo O'Higgins
6102,CODEGUA,61,6,Libertador General Bernardo O'Higgins
6103,COINCO,61,6,Libertador General Bernardo O'Higgins
6104,COLTAUCO,61,6,Libertador General Bernardo O'Higgins
6105,DOÑIHUE,61,6,Libertador General Bernardo O'Higgins
6106,GRANEROS,61,6,Libertador General Bernardo O'Higgins
6107,LAS CABRAS,61,6,Libertador General Bernardo O'Higgins
6108,MACHALÍ,61,6,Libertador General Bernardo O'Higgins
6109,MALLOA,61,6,Libertador General Bernardo O'Higgins
6110,MOSTAZAL,61,6,Libertador General Bernardo O'Higgins
6111,OLIVAR,61,6,Libertador General Bernardo O'Higgins
6112,PEUMO,61,6,Libertador General Bernardo O'Higgins
6113,PICHIDEGUA,61,6,Libertador General Bernardo O'Higgins
6114,QUINTA DE TILCOCO,61,6,Libertador General Bernardo O'Higgins
6115,RENGO,61,6,Libertador General Bernardo O'Higgins
6116,REQUINOA,61,6,Libertador General Bernardo O'Higgins
6117,SAN VICENTE,61,6,Libertador General Bernardo O'Higgins
6201,PICHILEMU,62,6,Libertador General Bernardo O'Higgins
6202,LA ESTRELLA,62,6,Libertador General Bernardo O'Higgins
6203,LITUECHE,62,6,Libertador General Bernardo O'Higgins
6204,MARCHIHUE,62,6,Libertador General Bernardo O'Higgins
6205,NAVIDAD,62,6,Libertador General Bernardo O'Higgins
6206,PAREDONES,62,6,Libertador General Bernardo O'Higgins
6301,SAN FERNANDO,63,6,Libertador General Bernardo O'Higgins
6302,CHÉPICA,63,6,Libertador General Bernardo O'Higgins
6303,CHIMBARONGO,63,6,Libertador General Bernardo O'Higgins
6304,LOLOL,63,6,Libertador General Bernardo O'Higgins
6305,NANCAGUA,63,6,Libertador General Bernardo O'Higgins
6306,PALMILLA,63,6,Libertador General Bernardo O'Higgins
6307,PERALILLO,63,6,Libertador General Bernardo O'Higgins
6308,PLACILLA,63,6,Libertador General Bernardo O'Higgins
6309,PUMANQUE,63,6,Libertador General Bernardo O'Higgins
6310,SANTA CRUZ,63,6,Libertador General Bernardo O'Higgins
7101,TALCA,71,7,Maule
7102,CONSTITUCIÓN,71,7,Maule
7103,CUREPTO,71,7,Maule
7104,EMPEDRADO,71,7,Maule
7105,MAULE,71,7,Maule
7106,PELARCO,71,7,Maule
7107,PENCAHUE,71,7,Maule
7108,RÍO CLARO,71,7,Maule
7109,SAN CLEMENTE,71,7,Maule
7110,SAN RAFAEL,71,7,Maule
7201,CAUQUENES,72,7,Maule
7202,CHANCO,72,7,Maule
7203,PELLUHUE,72,7,Maule
7301,CURICÓ,73,7,Maule
7302,HUALAÑÉ,73,7,Maule
7303,LICANTÉN,73,7,Maule
7304,MOLINA,73,7,Maule
7305,RAUCO,73,7,Maule
7306,ROMERAL,73,7,Maule
7307,SAGRADA FAMILIA,73,7,Maule
7308,TENO,73,7,Maule
7309,VICHUQUÉN,73,7,Maule
7401,LINARES,74,7,Maule
7402,COLBÚN,74,7,Maule
7403,LONGAVÍ,74,7,Maule
7404,PARRAL,74,7,Maule
7405,RETIRO,74,7,Maule
7406,SAN JAVIER,74,7,Maule
7407,VILLA ALEGRE,74,7,Maule
7408,YERBAS BUENAS,74,7,Maule
8101,CONCEPCIÓN,81,8,Biobío
8102,CORONEL,81,8,Biobío
8103,CHIGUAYANTE,81,8,Biobío
8104,FLORIDA,81,8,Biobío
8105,HUALQUI,81,8,Biobío
8106,LOTA,81,8,Biobío
8107,PENCO,81,8,Biobío
8108,SAN PEDRO DE LA PAZ,81,8,Biobío
8109,SANTA JUANA,81,8,Biobío
8110,TALCAHUANO,81,8,Biobío
8111,TOMÉ,81,8,Biobío
8112,HUALPÉN,81,8,Biobío
8201,LEBU,82,8,Biobío
8202,ARAUCO,82,8,Biobío
8203,CAÑETE,82,8,Biobío
8204,CONTULMO,82,8,Biobío
8205,CURANILAHUE,82,8,Biobío
8206,LOS ÁLAMOS,82,8,Biobío
8207,TIRÚA,82,8,Biobío
8301,LOS ÁNGELES,83,8,Biobío
8302,ANTUCO,83,8,Biobío
8303,CABRERO,83,8,Biobío
8304,LAJA,83,8,Biobío
8305,MULCHÉN,83,8,Biobío
8306,NACIMIENTO,83,8,Biobío
8307,NEGRETE,83,8,Biobío
8308,QUILACO,83,8,Biobío
8309,QUILLECO,83,8,Biobío
8310,SAN ROSENDO,83,8,Biobío
8311,SANTA BÁRBARA,83,8,Biobío
8312,TUCAPEL,83,8,Biobío
8313,YUMBEL,83,8,Biobío
8314,ALTO BIOBÍO,83,8,Biobío
9101,TEMUCO,91,9,La Araucanía
9102,CARAHUE,91,9,La Araucanía
9103,CUNCO,91,9,La Araucanía
9104,CURARREHUE,91,9,La Araucanía
9105,FREIRE,91,9,La Araucanía
9106,GALVARINO,91,9,La Araucanía
9107,GORBEA,91,9,La Araucanía
9108,LAUTARO,91,9,La Araucanía
9109,LONCOCHE,91,9,La Araucanía
9110,MELIPEUCO,91,9,La Araucanía
9111,NUEVA IMPERIAL,91,9,La Araucanía
9112,PADRE LAS CASAS,91,9,La Araucanía
9113,PERQUENCO,91,9,La Araucanía
9114,PITRUFQUÉN,91,9,La Araucanía
9115,PUCÓN,91,9,La Araucanía
9116,SAAVEDRA,91,9,La Araucanía
9117,TEODORO SCHMIDT,91,9,La Araucanía
9118,TOLTÉN,91,9,La Araucanía
9119,VILCÚN,91,9,La Araucanía
9120,VILLARRICA,91,9,La Araucanía
9121,CHOLCHOL,91,9,La Araucanía
9201,ANGOL,92,9,La Araucanía
9202,COLLIPULLI,92,9,La Araucanía
9203,CURACAUTÍN,92,9,La Araucanía
9204,ERCILLA,92,9,La Araucanía
9205,LONQUIMAY,92,9,La Araucanía
9206,LOS SAUCES,92,9,La Araucanía
9207,LUMACO,92,9,La Araucanía
9208,PURÉN,92,9,La Araucanía
9209,RENAICO,92,9,La Araucanía
9210,TRAIGUÉN,92,9,La Araucanía
9211,VICTORIA,92,9,La Araucanía
10101,PUERTO MONTT,101,10,Los Lagos
10102,CALBUCO,101,10,Los Lagos
10103,COCHAMÓ,101,10,Los Lagos
10104,FRESIA,101,10,Los Lagos
10105,FRUTILLAR,101,10,Los Lagos
10106,LOS MUERMOS,101,10,Los Lagos
10107,LLANQUIHUE,101,10,Los Lagos
10108,MAULLÍN,101,10,Los Lagos
10109,PUERTO VARAS,101,10,Los Lagos
10201,CASTRO,102,10,Los Lagos
10202,ANCUD,102,10,Los Lagos
10203,CHONCHI,102,10,Los Lagos
10204,CURACO DE VÉLEZ,102,10,Los Lagos
10205,DALCAHUE,102,10,Los Lagos
10206,PUQUELDÓN,102,10,Los Lagos
10207,QUEILÉN,102,10,Los Lagos
10208,QUELLÓN,102,10,Los Lagos
10209,QUEMCHI,102,10,Los Lagos
10210,QUINCHAO,102,10,Los Lagos
10301,OSORNO,103,10,Los Lagos
10302,PUERTO OCTAY,103,10,Los Lagos
10303,PURRANQUE,103,10,Los Lagos
10304,PUYEHUE,103,10,Los Lagos
10305,RÍO NEGRO,103,10,Los Lagos
10306,SAN JUAN DE LA COSTA,103,10,Los Lagos
10307,SAN PABLO,103,10,Los Lagos
10401,CHAITÉN,104,10,Los Lagos
10402,FUTALEUFÚ,104,10,Los Lagos
10403,HUALAIHUÉ,104,10,Los Lagos
10404,PALENA,104,10,Los Lagos
11101,COIHAIQUE,111,11,Aysén del General Carlos Ibáñez del Campo
11102,LAGO VERDE,111,11,Aysén del General Carlos Ibáñez del Campo
11201,AISÉN,112,11,Aysén del General Carlos Ibáñez del Campo
11202,CISNES,112,11,Aysén del General Carlos Ibáñez del Campo
11203,GUAITECAS,112,11,Aysén del General Carlos Ibáñez del Campo
11301,COCHRANE,113,11,Aysén del General Carlos Ibáñez del Campo
11302,O´HIGGINS,113,11,Aysén del General Carlos Ibáñez del Campo
11303,TORTEL,113,11,Aysén del General Carlos Ibáñez del Campo
11401,CHILE CHICO,114,11,Aysén del General Carlos Ibáñez del Campo
11402,RÍO IBÁÑEZ,114,11,Aysén del General Carlos Ibáñez del Campo
12101,PUNTA ARENAS,121,12,Magallanes y de la Antártica Chilena
12102,LAGUNA BLANCA,121,12,Magallanes y de la Antártica Chilena
12103,RÍO VERDE,121,12,Magallanes y de la Antártica Chilena
12104,SAN GREGORIO,121,12,Magallanes y de la Antártica Chilena
12201,CABO DE HORNOS,122,12,Magallanes y de la Antártica Chilena
12202,ANTARTICA,122,12,Magallanes y de la Antártica Chilena
12301,PORVENIR,123,12,Magallanes y de la Antártica Chilena
12302,PRIMAVERA,123,12,Magallanes y de la Antártica Chilena
12303,TIMAUKEL,123,12,Magallanes y de la Antártica Chilena
12401,NATALES,124,12,Magallanes y de la Antártica Chilena
12402,TORRES DEL PAINE,124,12,Magallanes y de la Antártica Chilena
13101,SANTIAGO,131,13,Metropolitana de Santiago
13102,CERRILLOS,131,13,Metropolitana de Santiago
13103,CERRO NAVIA,131,13,Metropolitana de Santiago
13104,CONCHALÍ,131,13,Metropolitana de Santiago
13105,EL BOSQUE,131,13,Metropolitana de Santiago
13106,ESTACIÓN CENTRAL,131,13,Metropolitana de Santiago
13107,HUECHURABA,131,13,Metropolitana de Santiago
13108,INDEPENDENCIA,131,13,Metropolitana de Santiago
13109,LA CISTERNA,131,13,Metropolitana de Santiago
13110,LA FLORIDA,131,13,Metropolitana de Santiago
13111,LA GRANJA,131,13,Metropolitana de Santiago
13112,LA PINTANA,131,13,Metropolitana de Santiago
13113,LA REINA,131,13,Metropolitana de Santiago
13114,LAS CONDES,131,13,Metropolitana de Santiago
13115,LO BARNECHEA,131,13,Metropolitana de Santiago
13116,LO ESPEJO,131,13,Metropolitana de Santiago
13117,LO PRADO,131,13,Metropolitana de Santiago
13118,MACUL,131,13,Metropolitana de Santiago
13119,MAIPÚ,131,13,Metropolitana de Santiago
13120,ÑUÑOA,131,13,Metropolitana de Santiago
13121,PEDRO AGUIRRE CERDA,131,13,Metropolitana de Santiago
13122,PEÑALOLÉN,131,13,Metropolitana de Santiago
13123,PROVIDENCIA,131,13,Metropolitana de Santiago
13124,PUDAHUEL,131,13,Metropolitana de Santiago
13125,QUILICURA,131,13,Metropolitana de Santiago
13126,QUINTA NORMAL,131,13,Metropolitana de Santiago
13127,RECOLETA,131,13,Metropolitana de Santiago
13128,RENCA,131,13,Metropolitana de Santiago
13129,SAN JOAQUÍN,131,13,Metropolitana de Santiago
13130,SAN MIGUEL,131,13,Metropolitana de Santiago
13131,SAN RAMÓN,131,13,Metropolitana de Santiago
13132,VITACURA,131,13,Metropolitana de Santiago
13201,PUENTE ALTO,132,13,Metropolitana de Santiago
13202,PIRQUE,132,13,Metropolitana de Santiago
13203,SAN JOSÉ DE MAIPO,132,13,Metropolitana de Santiago
13301,COLINA,133,13,Metropolitana de Santiago
13302,LAMPA,133,13,Metropolitana de Santiago
13303,TILTIL,133,13,Metropolitana de Santiago
13401,SAN BERNARDO,134,13,Metropolitana de Santiago
13402,BUIN,134,13,Metropolitana de Santiago
13403,CALERA DE TANGO,134,13,Metropolitana de Santiago
13404,PAINE,134,13,Metropolitana de Santiago
13501,MELIPILLA,135,13,Metropolitana de Santiago
13502,ALHUÉ,135,13,Metropolitana de Santiago
13503,CURACAVÍ,135,13,Metropolitana de Santiago
13504,MARÍA PINTO,135,13,Metropolitana de Santiago
13505,SAN PEDRO,135,13,Metropolitana de Santiago
13601,TALAGANTE,136,13,Metropolitana de Santiago
13602,EL MONTE,136,13,Metropolitana de Santiago
13603,ISLA DE MAIPO,136,13,Metropolitana de Santiago
13604,PADRE HURTADO,136,13,Metropolitana de Santiago
13605,PEÑAFLOR,136,13,Metropolitana de Santiago
14101,VALDIVIA,141,14,Los Ríos
14102,CORRAL,141,14,Los Ríos
14103,LANCO,141,14,Los Ríos
14104,LOS LAGOS,141,14,Los Ríos
14105,MÁFIL,141,14,Los Ríos
14106,MARIQUINA,141,14,Los Ríos
14107,PAILLACO,141,14,Los Ríos
14108,PANGUIPULLI,141,14,Los Ríos
14201,LA UNIÓN,142,14,Los Ríos
14202,FUTRONO,142,14,Los Ríos
14203,LAGO RANCO,142,14,Los Ríos
14204,RÍO BUENO,142,14,Los Ríos
15101,ARICA,151,15,Arica y Parinacota
15102,CAMARONES,151,15,Arica y Parinacota
15201,PUTRE,152,15,Arica y Parinacota
15202,GENERAL LAGOS,152,15,Arica y Parinacota
16101,CHILLÁN,161,16,Ñuble
16102,BULNES,161,16,Ñuble
16103,CHILLÁN VIEJO,161,16,Ñuble
16104,EL CARMEN,161,16,Ñuble
16105,PEMUCO,161,16,Ñuble
16106,PINTO,161,16,Ñuble
16107,QUILLÓN,161,16,Ñuble
16108,SAN IGNACIO,161,16,Ñuble
16109,YUNGAY,161,16,Ñuble
16201,QUIRIHUE,162,16,Ñuble
16202,COBQUECURA,162,16,Ñuble
16203,COELEMU,162,16,Ñuble
16204,NINHUE,162,16,Ñuble
16205,PORTEZUELO,162,16,Ñuble
16206,RÁNQUIL,162,16,Ñuble
16207,TREGUACO,162,16,Ñuble
16301,SAN CARLOS,163,16,Ñuble
16302,COIHUECO,163,16,Ñuble
16303,ÑIQUÉN,163,16,Ñuble
16304,SAN FABIÁN,163,16,Ñuble
16305,SAN NICOLÁS,163,16,Ñuble
