codigo_comuna,poblacion_total,promedio_edad,porcentaje_menores_15,porcentaje_adultos_mayores,porcentaje_discapacidad,promedio_escolaridad,porcentaje_alfabetizacion
1101,199587,36.47681462219483,18.83639716013568,12.13906717371372,8.677635328394063,10.88180154420972,97.01954093465916
1107,142086,30.39185422912884,25.452190926621903,5.423475923032529,10.341745169497353,9.096736695869128,95.38923849794695
1401,16878,33.24096456926176,24.013508709562746,10.125607299443063,10.608484228037621,9.132950397893856,95.41466538584694
1402,1335,,,,11.755233494363928,7.453794139744553,92.50604351329574
1403,790,,,,13.370473537604457,6.662420382165605,87.43016759776536
1404,2858,,,,13.346153846153847,8.11095406360424,93.4949961508853
1405,6272,35.17123724489796,23.804209183673468,13.950892857142858,10.254645560908465,9.381150825452798,96.14457831325302
2101,401096,35.12353900313142,18.90071204898578,9.738067694517023,8.123610964123188,10.677235255222488,96.87429662406029
2102,14084,32.5222238000568,23.757455268389663,7.902584493041749,11.640131027652929,9.341004931741834,95.930808504153
2103,1472,,,,5.522827687776141,9.078458362009636,94.76787030213707
2104,12097,36.77498553360337,19.864429197321652,12.994957427461355,11.602064922565404,9.476170672876986,95.94499912418988
2201,166334,34.59021607127827,20.91574783267402,9.044452727644378,7.848702799897252,10.250414644074386,96.65798862211938
2202,256,,,,16.400000000000002,9.52016129032258,95.19999999999999
2203,9843,34.17829929899421,20.908259676927766,8.523824037386976,7.878854383847251,9.775734538730225,95.78485181119649
2301,25400,36.68330708661417,20.401574803149604,13.208661417322833,12.313774448605908,9.608707698396993,96.11638361638362
2302,4834,,,,6.631648063033486,10.140631491483173,96.64841182913472
3101,168831,35.7121974045051,19.866612174304482,11.064911064911065,9.332202538007287,10.2413918692197,96.25862740907434
3102,18805,37.69805902685456,19.250199415049188,14.400425418771604,13.792714559603022,9.9569979062651,95.6997742663657
3103,11846,35.72657437109573,20.732736788789467,11.43001857166976,9.53148795126758,8.867871690427698,94.83685908927932
3201,12345,37.71478331308222,20.299716484406645,14.937221547185095,10.68460286179419,9.478104868303026,95.50792970424347
3202,11397,36.05826094586295,21.163464069491972,10.28340791436343,11.703016241299304,9.901018149623727,96.21958015976222
3301,54222,38.220464018295154,19.440448526428387,14.846372321198038,11.17297770855641,9.67071356858662,95.34729663906478
3302,4788,,,,9.947871416159861,8.644761704807895,92.27757232978028
3303,7577,38.90642734591527,19.65157714134882,15.613039461528308,12.526038050270797,9.002918546033431,94.20833333333334
3304,9369,39.62375920589177,18.67862098409649,17.419148254883122,13.632266786840919,9.739632829373651,95.31866892272983
4101,250141,37.168988690378626,18.151762406003012,13.219344289820542,9.78296107614256,10.911410407232527,96.67698919294698
4102,263719,36.92545853730675,19.28947098995522,13.063146758481567,10.188260907846605,10.366205888749413,96.27431665104955
4103,11566,39.87298979768286,18.18260418467923,16.88569946394605,12.610579526990431,9.267290691627665,95.31419284940412
4104,4335,,,,14.431735215380872,8.295607715547293,92.07703559239395
4105,4649,,,,13.467177983307016,9.838025119099177,96.09568946061837
4106,28047,38.85000178272186,18.369166042714017,15.630905266160374,11.9812382739212,9.476754622150422,95.66915824662885
4201,32009,39.80824143209722,18.082414320972227,17.048330157143305,11.62111617835231,9.375137168835241,94.69572638350948
4202,9639,43.97551613237888,15.094926859632743,23.436041083099905,13.453011787606792,8.15929203539823,92.21032132424537
4203,22879,38.840727304515056,19.23160977315442,16.102102364613838,13.50988471688504,9.379027302256167,94.61174944403261
4204,27823,39.412141034396,18.427200517557417,15.958020342881788,10.555911990036607,9.218461316397228,94.57724406178014
4301,118696,38.13050144908,18.783278290759586,14.623070701624318,11.592387248107475,9.560760687609935,95.464370535754
4302,12954,43.86004322989038,15.184498996448973,22.525860737995988,16.684037521045457,8.731544665012407,92.89038677579843
4303,29997,39.85508550855086,18.16848351501817,16.805013834716807,14.444560998636316,8.42929208565797,93.76617924858323
4304,12076,39.56318317323617,18.797615104339187,17.630009937065253,14.911746804625684,8.611157299634186,93.73586218896816
4305,4334,,,,16.662687992360944,8.422026839426191,92.6712819288613
5101,284938,39.40015020811545,15.53916992468537,16.332675880366956,12.36075052017161,10.93362182622379,96.75582226874958
5102,29876,38.55827420002678,18.07136162806266,14.767706520283841,10.181172291296626,9.928602864010292,95.56701030927836
5103,48294,39.26433925539404,16.260819149376733,15.26069491034083,8.242599151690062,11.97724985322486,97.30734737624954
5104,904,,,,6.107784431137724,10.347237880496055,97.23889555822329
5105,22539,40.380007986157324,17.494121300856293,18.093083100403746,13.316147176001875,10.021016311166877,96.04904632152589
5107,35754,39.0258992000895,18.660849135761033,16.286289645913744,13.988607369607786,10.061955414733507,95.98455598455598
5109,334871,40.12032693186332,14.678488134236767,17.734291712331014,10.774589753852311,11.522910409769645,97.1668665211851
5201,4800,,,,6.062734082397004,10.477984665936473,96.66274970622797
5301,63440,38.474810844892815,18.30075662042875,15.386191677175285,11.049164551081022,10.500341329438474,96.49988371706701
5302,16597,37.23938061095379,20.437428450924866,13.22528167741158,11.021471223478592,9.856667271956903,94.93864055446049
5303,11855,37.249852382960775,21.079713201180937,13.277098270771825,9.615384615384617,9.85000423477598,94.70198675496688
5304,20112,38.3760938743039,19.02346857597454,14.33969769291965,11.06164562928822,9.908650726301602,95.3254375851588
5401,39270,39.909931245225366,17.336389101094984,16.720142602495542,12.511726393095499,9.636907654144183,95.19749014560374
5402,20015,38.88303772170872,18.131401448913316,15.98800899325506,11.375703096251906,9.192976303792395,94.02851580996476
5403,7561,40.184102631927,17.643168893003573,17.510911255124984,12.51042535446205,9.876494023904382,95.78639966624948
5404,10206,40.99461101312953,16.225749559082892,18.08739956888105,13.863216266173753,9.28941939286767,93.97862720920675
5405,7980,40.403383458646616,18.80952380952381,18.45864661654135,10.133333333333333,10.028611216609697,96.44
5501,96753,38.762198588157474,17.663534980827468,15.909584198939566,11.836067360619108,10.330006778247041,96.06156533129571
5502,50631,38.749481542928244,17.9119511761569,16.04945586695898,12.892596454640252,9.815605520482743,95.56905224051927
5503,19286,38.150471844861556,18.604168827128486,14.259048014103495,11.420261222697837,9.223980016652789,94.09891859252346
5504,24939,36.65985003408316,20.193271582661694,12.253899514816151,9.354743041138839,10.753231587001167,96.30791403501335
5506,22136,39.72438561619082,17.36086013733285,16.90007228044814,12.583852704695753,9.43626423690205,94.50952380952381
5601,96770,38.38097550893872,18.42203162137026,15.06975302263098,13.672036798848946,9.8963672322265,95.76201852276074
5602,16076,44.48600398108982,15.028614083105248,24.956456830057228,10.881813417190775,11.160380928355197,96.3966920451562
5603,24599,41.20037399894305,17.553559087767795,20.561811455750235,16.454611660883348,9.429010574637266,95.29240267535586
5604,18971,44.01539191397396,15.418269991038954,25.117284276000213,13.442113442113444,10.622439180537771,96.7518045530261
5605,16260,45.125830258302585,14.797047970479705,26.34071340713407,15.50767642884789,10.288107202680067,96.56596953266202
5606,13171,40.947080707615214,18.08518715359502,18.78369144332245,8.352071956312239,10.71111452492511,95.93626780397521
5701,80413,37.58652207976322,18.633802992053525,13.938044843495453,11.949544904508864,10.135947728780463,95.76470898008084
5702,13760,39.653561046511626,17.768895348837212,16.656976744186046,12.873931623931622,9.074374133274944,94.41729036199786
5703,25484,38.34009574635065,19.549521268246743,15.19384711976142,12.688145291702948,9.352264671130365,94.43315219645746
5704,7269,38.78759114045948,18.06300729123676,15.146512587701197,10.044869011434361,9.2828073089701,95.03186558516802
5705,17336,40.230733733271805,17.60498384863867,17.60498384863867,13.89291757312062,9.67851129303838,94.7683923705722
5706,15134,39.422029866525705,17.92652306065812,16.294436368441918,12.233895493502903,9.431857351186531,95.06087437742114
5801,162559,40.429216469097376,15.660160311025537,17.6643557108496,11.121209191401592,11.244195719110051,97.02633430819986
5802,56145,38.775509840591326,18.347136877727312,15.753851634161546,12.266269174890091,10.297020618185744,96.11780708051536
5803,19778,41.002932551319645,16.87733845687127,19.40539993932652,12.578616352201259,10.001580100922576,94.88342314464066
5804,139571,38.781630854547146,17.531578909658883,15.584182960643686,10.288010111953774,11.039027027027027,96.93554705155634
6101,257744,37.80010009932336,17.76258613197591,13.914193928859644,12.002680154599162,10.47099808735704,96.00683654443753
6102,13955,38.71157291293443,18.022214260121817,14.43210318882121,12.21879467308705,9.341195081613575,94.66315393300715
6103,7916,40.55823648307226,16.839312784234462,18.279434057604853,13.362643218758327,9.264462809917354,95.20127965875767
6104,21373,39.118280072989286,18.092920975061993,16.123146025359098,14.301181102362204,8.951065027681336,94.24014178112539
6105,21925,38.41842645381984,18.535917901938426,15.14709236031927,12.70550908566484,9.674274714698198,95.92131210619979
6106,35938,36.35694807724414,19.842506539039455,12.176526239634928,10.18622524386639,9.733660313901344,95.09079079671142
6107,27554,39.61265152065036,17.899397546635697,16.21180227916092,12.852173248212853,8.91909997815481,93.74856530721554
6108,60875,36.22168377823409,21.04476386036961,11.030800821355236,9.03885978803752,11.04568477505214,96.16777518543024
6109,13882,40.56526437112808,16.913989338712003,17.49027517648754,13.467374810318663,8.97728419989904,93.97434924489642
6110,27394,38.11973424837556,18.719427611885813,14.455720230707453,12.2030112826832,9.376390922401171,94.22165722870682
6111,13901,38.80116538378534,17.82605567944752,14.970146032659521,11.47751282825234,9.685211876621505,95.12913457181695
6112,14243,40.045706662922136,17.082075405462334,16.56954293337078,14.706099269857658,9.146674166783855,93.46463081802759
6113,20363,40.915778618081816,16.98178068064627,18.238962824731132,13.973980200072564,8.72105392760404,93.33575355253605
6114,13558,40.11070954418056,16.838766779761027,16.278212125682252,15.039925575626018,9.14959757808462,93.52612808187317
6115,63620,37.57617101540396,19.181075133605784,13.825840930524993,12.07180528058296,9.467272755970138,94.69645264927671
6116,29508,37.74945777416294,19.0456825267724,13.142198725769283,10.497336336658442,9.430274419236516,94.57835634074816
6117,49559,40.36614943804354,17.121007284247057,17.2158437418027,13.918924649111647,9.54614107547781,94.75101798439091
6201,19847,39.888295460271074,17.962412455282912,16.445810449942055,12.684491978609625,10.08833562445904,94.6627408993576
6202,4609,,,,14.068871771635704,9.119860778768762,94.15909090909092
6203,8852,41.10528694080434,17.431089019430637,18.94487121554451,15.351660121385219,9.191431485889153,93.918114734587
6204,8715,42.04211130235227,15.91508892713712,19.093516924842227,15.776173285198555,8.913013462202278,93.36059658407505
6205,8885,42.91828925154755,16.510973550928533,22.082160945413616,12.986553432413306,9.524320054169959,93.52135945244277
6206,7228,44.0016602102933,14.955727725511897,21.914775871610402,17.474048442906575,8.315950069348128,88.8648492715996
6301,75585,38.42664549844546,18.73255275517629,14.786002513726269,13.560556201251872,9.949076232467066,95.37832196242698
6302,15668,41.120181261169265,16.37094715343375,18.483533316313505,13.469088973181606,8.692435471505238,92.58025842546957
6303,37258,39.314482795641204,17.706264426431908,15.220892157389018,14.902071297731437,8.94088378472876,93.95118101358588
6304,7791,41.85688615068669,15.954306250802208,19.278654858169684,13.437457923791571,8.75318164288469,90.54545454545455
6305,18723,38.99818405170112,17.5986754259467,15.248624686214814,12.23386279148361,9.096192061872282,93.68444795308447
6306,13060,40.72159264931087,16.531393568147013,17.08269525267994,15.794122370322789,8.892340818209782,93.22837175676761
6307,12493,40.95653565996958,16.393180180901304,17.233650844472905,15.56208053691275,9.196326890688908,92.95845572807386
6308,9438,39.727696545878366,17.365967365967368,16.454757363848273,15.189732142857142,8.982121953815048,93.71511498102255
6309,4559,,,,13.737142857142857,8.77628979143798,92.50114311842707
6310,41209,39.330777257395226,17.717003567181926,15.625227498847337,13.045586808923376,9.713993672426382,94.19786505950253
7101,232131,38.01954069038603,17.406119820273897,14.665425987911998,11.832680737274377,10.624128412139177,95.69961985841434
7102,47004,38.021444983405665,19.10901199897881,14.00519104757042,13.540961408259985,9.246723720052335,94.1131308569493
7103,9519,45.09864481563189,13.026578422103164,23.96260111356235,16.930121007304045,8.487484223811528,92.71617053756405
7104,3990,,,,16.441977266719533,8.172734120010043,89.65882041787887
7105,61081,33.9068450090863,22.386666884956043,8.369214649399977,10.838427947598253,9.803376610554377,94.79736460390417
7106,9229,40.23166106837144,17.867591288330264,17.379997832917976,16.094986807387862,8.778057042946125,92.09831170322728
7107,9181,41.021784119376974,15.749918309552335,17.525324038775732,11.342090234151915,8.918329516955621,91.77424882897293
7108,14276,40.69207060801345,17.07761277668815,17.33678901653124,13.622974963181148,8.37073273738298,91.51930445033894
7109,47380,38.57363866610384,18.7378640776699,15.314478682988602,14.868341573636995,8.67746520706042,93.0180482780241
7110,11230,38.5206589492431,18.958147818343722,15.565449688334818,17.86183593016707,8.861252568569641,93.12805107022155
7201,42798,40.75989532221132,17.617645684377774,18.71349128463947,12.917485265225933,9.148729359409767,93.37727172122077
7202,9446,41.55441456701249,16.61020537793775,18.494600889265296,14.329840044125758,8.35702934632906,91.5057915057915
7203,8578,41.48484495220331,17.45162042434134,20.016320820704127,14.856230031948881,9.295840656121852,93.11108377414196
7301,159968,37.92989222844569,18.49119823964793,13.687112422484496,11.834901117458474,10.01571502089897,95.32717068339386
7302,10775,42.17614849187935,15.805104408352669,20.01856148491879,14.85119626531803,8.7467362924282,91.38299941645595
7303,6892,41.772054556006964,15.88798607080673,18.717353453279166,12.317739975698663,9.370601919162548,93.98084815321477
7304,48949,38.80009806124742,18.004453614987025,15.499805920447812,13.752176998000387,9.182527461246279,93.82246026112581
7305,11266,40.188975679034264,16.900408308183916,16.74063554056453,15.50632911392405,8.843797310535221,92.45880271855506
7306,17233,38.41345093715546,18.377531480299425,13.955782510300004,12.702586997737143,9.014717003083009,93.27417380660955
7307,19427,39.924074741339375,16.770474082462552,16.003500283111133,11.066551051376544,8.584817970565453,92.33438143771008
7308,30113,39.79855876199648,17.108889848238302,15.989771859329856,12.763661677688825,8.653953674121405,92.2099178158518
7309,4716,,,,15.940747291620605,9.16624040920716,93.05309734513274
7401,96744,39.07444389316133,18.31741503349045,15.713635987761515,13.971947374143742,9.811550404503016,95.0820742804894
7402,22637,39.32036047179397,18.32840040641428,16.65415028493175,14.161432891370085,8.82293378336368,93.29728721916659
7403,33299,40.12615994474309,17.52605183338839,16.459953752364935,15.646538096743598,8.316128643700313,92.14421252371916
7404,45323,39.88661386051232,18.202678551728702,17.095073141672,13.573580533024336,9.130102153628444,93.08849783218567
7405,22310,40.55253249663828,17.45405647691618,17.12684894666069,14.926567501412164,8.430682839173405,92.72667357122681
7406,49559,38.35472870719748,19.106519502007707,15.32920357553623,13.602251407129456,9.041293148906826,93.5427387841387
7407,17919,40.17221943188794,18.064624141972207,17.891623416485295,17.104178928781636,8.841062205254884,93.2088585227942
7408,20035,39.24811579735463,18.23808335413027,15.632642874968806,14.376476765555262,8.350766456266907,92.10595469595837
8101,230375,38.66546283233858,13.83049376017363,14.790233315246882,10.63190067548627,11.87867855306615,97.17247026569731
8102,123648,36.909784226190474,20.009219720496894,12.68762939958592,13.583666769262337,9.860570261795377,95.10953712970804
8103,85822,39.308941763184265,16.605299340495446,15.342219943604205,12.235957387091657,11.056093883323788,96.65490593448988
8104,12958,42.047769717549,15.835777126099707,19.239080104954468,15.368472031640973,9.151728404609079,92.18283130097714
8105,25795,37.9700329521225,18.9532855204497,14.072494669509595,14.968517458500285,9.364089387214825,93.77532228360957
8106,39980,40.48341670835418,16.538269134567287,17.24112056028014,17.02646057112916,9.442018997017618,94.18455329297377
8107,48971,39.000714708705154,17.40826203263156,15.429539931796368,14.429659421530037,10.11330170157068,95.53590545111977
8108,150992,35.819182473243615,20.09642894987814,10.857528875702025,10.079497497301011,10.905819993216326,95.90373783922172
8109,14947,39.77165986485582,18.083896434067036,16.685622532949758,15.828195067264575,8.960375460945357,92.87217623123334
8110,147322,39.42914839603046,16.432712018571564,16.226361303810698,12.348857719992033,10.81868677930105,96.34105547845272
8111,56907,40.69237527896392,16.266891595058606,17.7025673467236,15.818815331010452,10.130413359846552,95.41843268930845
8112,87731,39.866238843738245,15.855284904993674,15.938493804926424,13.237861137829077,10.835248779260581,96.45853635348085
8201,25246,38.12287094985344,18.77129050146558,14.319100055454328,16.113606121091152,9.033042443474812,93.7918695127533
8202,37163,38.47019885369857,18.397330678362888,14.371821435298548,14.29622086444897,9.351641244003666,93.97866500664949
8203,34640,38.2429272517321,19.63337182448037,14.9364896073903,15.135661272660908,8.848945831043757,93.41107694181409
8204,5905,,,,19.783917817924195,8.737727195515543,92.72920730625998
8205,31119,38.59603457694656,18.8470066518847,15.064751438028216,12.86692427632025,9.184053027865371,93.77013599213213
8206,21950,37.40168564920273,20.145785876993166,13.398633257403189,12.266961368441285,8.722077684969648,93.52123514982445
8207,10208,36.02360893416928,20.895376175548588,12.176724137931034,14.956377233070212,8.159768536681051,91.64933444259567
8301,219441,37.57602271225523,19.099894732524916,13.42775506856057,12.051002804575988,9.938372236630851,94.68683838671251
8302,4373,,,,15.56829035339064,9.321067157313708,94.83870967741936
8303,31256,39.058996672638855,17.68300486306629,14.800358331200409,14.308297736369447,9.187119707935695,93.3147163717112
8304,23706,39.552560533198346,17.885767316291236,16.645574959925757,16.766387448477595,9.275459733671529,92.75169570421599
8305,29036,39.18731918997107,18.0844468935115,16.279790604766497,13.881655092592593,8.819762027935852,92.95147809096501
8306,26140,38.768745218056615,18.618974751338943,15.33664881407804,12.97537343560759,9.269199831462826,93.357024593143
8307,10723,38.99309894619043,18.362398582486243,15.36883334887625,17.23188833185884,8.678444569078332,92.64575754596402
8308,4440,,,,19.853808064135816,8.674350282485875,93.11158292050011
8309,9700,41.97092783505155,16.216494845360824,20.443298969072167,14.78270293703262,8.808923776079322,93.15618221258134
8310,3575,,,,14.622093023255815,9.609879315183834,93.98080837452748
8311,14075,39.557158081705154,17.57726465364121,17.044404973357015,15.931848752055,8.930987821380244,92.96395992223717
8312,15729,40.6849767944561,16.936868205226016,18.69794646830695,16.61001133106712,9.264531359663115,94.07960530702046
8313,23170,42.16573154941735,15.994820889080707,19.84894259818731,15.541211519364447,9.151883406132422,92.65814783040592
8314,6016,33.287898936170215,23.636968085106382,9.158909574468085,15.734513274336285,7.2039254823685965,85.86628834899805
9101,292518,37.40541778625589,17.382178190743815,13.278499100910029,11.44219394673822,11.019767041146874,96.37756262797342
9102,24957,39.79717113435108,18.32351644829106,17.83467564210442,16.86320754716981,8.394848228322651,92.47910863509749
9103,19177,41.47197163268499,16.999530687803098,20.076132867497524,15.379995632234111,9.077036181273959,94.37274417587224
9104,7733,38.134876503297555,19.95344626923574,14.560972455709297,13.676148796498905,8.35909090909091,93.02230127240388
9105,26164,40.505962391071705,16.729093410793457,17.50496865922642,13.65079365079365,8.788386848682945,93.40707964601769
9106,12710,38.92525570416994,19.2918961447679,16.160503540519276,16.018249688925756,8.030133312297862,90.97400979822304
9107,14148,42.07541702007351,16.08707944585807,20.575346338705117,13.993199290360733,9.24806641595118,94.3038911081521
9108,41936,37.289751049217855,19.627527661198016,13.708985120183137,12.55457137810079,9.32810551558753,94.13072588999218
9109,25158,40.484537721599494,17.553064631528738,18.08967326496542,15.80003343922421,9.07568044253818,94.28882468701588
9110,6796,40.647881106533255,17.7751618599176,18.74632136550912,14.642082429501086,8.912329982259019,93.17793317793318
9111,33988,39.38857832176062,18.335883252912794,17.02659762269036,15.474561512625948,8.919180875269644,93.31445111892683
9112,80656,36.61487056139655,19.815016861733785,12.39957349732196,11.695499914746271,9.32383310111465,94.29584400236361
9113,7438,39.323608496907774,18.593707986017748,16.01236891637537,15.238903025162568,8.823799244468429,93.83396973553953
9114,27041,39.77534114862616,17.739728560334306,16.896564476165825,15.974764389749978,9.483614808187003,94.5692883895131
9115,32321,37.76148634015037,19.12997741406516,13.471117849076453,11.214677212904919,10.202324418895277,95.81115710624877
9116,12877,40.775724159353885,18.265123864254097,19.266909994563953,17.671076269802384,8.095475819032762,91.61622771143465
9117,15639,41.50796086706311,17.827226804782914,19.956518959012726,16.745898895212587,8.293141025641026,93.20466425412143
9118,10041,41.11741858380639,17.020217109849618,18.623643063439896,16.349057586170986,8.57960322998704,93.05960817007086
9119,31575,37.57684877276326,19.37925574030087,13.694378463974664,11.958191411206839,9.174566363809644,94.02880342165936
9120,67737,38.224116804700536,19.47237108227409,14.537106751110915,11.650530991444704,9.893388859968766,95.57844963910505
9121,13167,38.084605453026505,20.376699324067747,15.561631351105035,14.493218842789505,8.341091186570011,91.14767255216694
9201,53022,38.66970314209196,18.496095960167477,15.508656783976463,14.449532152100339,9.584257500949487,94.0526966157771
9202,24303,38.53088096119821,18.787803974817923,15.384931901411347,16.601579449796063,8.612756452680344,92.74148035598003
9203,18536,41.11081139404402,17.18277945619335,18.96849374190764,14.95400936741719,9.262380256535153,94.30394038613527
9204,7730,37.996507115135834,20.323415265200516,15.847347994825355,14.804660726525018,8.164023914738758,90.88041689522764
9205,10247,38.176637064506686,20.24007026446765,15.48745974431541,10.367058334199854,8.238964096527368,92.41494121319322
9206,7348,40.498094719651604,17.882416984213393,17.882416984213393,16.002302489566844,8.180166643901106,90.56331940642559
9207,9253,39.91883713390252,18.048200583594507,17.107964984329406,16.052332195676904,7.650141028422651,89.25074015030745
9208,12184,39.90635259356533,18.540709126723574,17.19468154957321,14.990087061460219,8.490702649333553,92.01104305064274
9209,10686,38.90557739097885,18.82837357289912,15.478195770166572,16.64190193164933,8.712768956121394,92.79627427665477
9210,18873,40.479256080114446,18.33306840459916,18.58739998940285,16.50447427293065,8.797060395510423,92.53379704941942
9211,34464,39.716689879294336,18.04201485608171,17.00034818941504,13.06234718826406,9.408351789252826,94.24988530356325
10101,277040,35.94932139763211,18.502743286168062,10.305732024256425,9.747189081499462,10.257992029786491,95.82847910037854
10102,36474,38.87012666557,17.62351263914021,14.805066622799803,11.995959012844565,8.700233741234703,93.22205215583216
10103,4199,,,,11.502231036192365,8.841175065679485,94.36584760486473
10104,12320,40.9025974025974,16.517857142857142,17.849025974025974,14.232177838344265,8.510056184349809,92.90647113990963
10105,22554,37.94426709231178,19.26044160681032,13.806863527533919,9.616649440947102,9.503325447484713,95.16401917473448
10106,17162,40.901817969933575,16.822048712271297,17.987414054306026,11.611172094157824,8.45587205229979,93.94679033439101
10107,18088,38.934099955771785,17.436974789915965,14.888323750552853,10.67317753749564,9.561930682070651,94.53625043640173
10108,15063,41.930027219013475,15.879970789351392,18.781119298944432,14.23319692030242,8.654306220095695,93.90827724970514
10109,52942,36.99482452495183,20.1163537456084,11.92437006535454,8.152393252078456,10.757383926017733,95.95749409078971
10201,46997,37.94982658467562,17.475583547886036,12.547609421877992,11.611544321950346,9.970408491476359,95.92033552380738
10202,40949,40.393611565606,16.371584165669493,16.225060441036412,13.024491151007483,9.533721244261129,95.14644993099218
10203,16078,38.984326408757305,16.91752705560393,13.546461002612265,11.630640632142624,9.102559289155872,94.87615188549768
10204,3662,,,,12.99515531490453,9.000274122807017,95.18244013683011
10205,14894,37.84792533906271,17.980394789848262,12.998522895125554,9.77821866364345,8.928181634440477,95.35015593989226
10206,4048,,,,13.259526261585993,8.573416149068324,95.15588765782014
10207,5690,,,,13.736365317064154,8.47068145800317,93.80203515263645
10208,28460,35.59219957835559,19.806746310611384,9.283204497540408,12.038319051004752,8.698582187179579,94.13945476333133
10209,8409,41.648352955167084,14.686645261029849,18.182899274586752,13.221302360064252,8.580929678188319,93.59624180986525
10210,7678,41.48528262568377,14.834592341755664,18.22089085699401,12.605156037991858,8.857516681931179,93.59652692986027
10301,166455,38.66463008020185,17.08089273377189,14.492805863446579,11.150085168128193,10.210065579324363,95.67233287220401
10302,8865,40.44354201917654,16.694867456288776,16.70614777213762,13.78493604926575,8.881832615105466,94.40824546854638
10303,19542,40.629874117285844,16.85600245624808,18.048306212260773,14.200771373473323,8.97005803502645,94.60314057559354
10304,11712,40.38738046448088,17.1875,16.683743169398905,12.787061031185774,8.949815877365761,94.15183761065904
10305,13874,41.24347700735188,16.41920138388352,18.567103935418768,15.141669814884775,9.06846833792204,94.09496446393467
10306,7776,44.37821502057613,13.695987654320987,21.656378600823047,17.591357695385437,7.87370734229576,91.52429257875066
10307,10883,41.554442708811905,16.576311678765045,18.85509510245337,13.135389641587395,8.952468850946008,93.79025281168893
10401,4025,,,,11.213964559640306,9.127557464006061,94.15189203492987
10402,3062,,,,7.8764746703678,9.842744583059751,95.45454545454545
10403,9480,38.80580168776371,17.911392405063292,13.702531645569621,10.552038209485728,8.734307187466921,93.20075547161426
10404,1903,,,,8.16326530612245,9.288947368421052,95.58742415885273
11101,57823,37.077564291026064,19.404043373744013,12.437957214257302,10.840950639853748,10.151602837868461,95.50537122778763
11102,779,,,,11.243386243386242,8.847457627118644,92.72486772486772
11201,23170,36.98113940440224,19.244712990936556,11.851532153646957,10.920429715950473,9.562331331069904,95.19555109855045
11202,5137,,,,9.003870442045223,9.467631527478975,94.66177669111654
11203,1598,,,,11.176857330703486,9.032622333751569,95.26315789473684
11301,3458,,,,10.736196319018406,9.529069767441861,94.35409634857318
11302,647,,,,7.528641571194762,9.634108527131783,96.06557377049181
11303,505,,,,9.433962264150944,9.500994035785288,94.54926624737946
11401,4905,,,,11.037148378784625,9.517893870835048,94.75381638357344
11402,2723,,,,13.142636258214146,9.298744460856721,94.3177425589486
12101,132363,39.08846883192433,16.41924102657087,14.862914862914863,9.203476604357661,10.815461479786423,96.94221445036165
12102,269,,,,7.480314960629922,11.204,98.02371541501977
12103,102,,,,7.07070707070707,9.405940594059405,90.9090909090909
12104,241,,,,4.273504273504273,10.025210084033613,97.43589743589743
12201,1750,,,,4.849600982197668,10.671082949308756,95.57467732022127
12202,60,,,,1.6666666666666667,15.03448275862069,100.0
12301,6809,36.46776325451608,19.10706417976208,11.587604640916433,8.736203948391108,9.905535055350553,96.23756218905473
12302,431,,,,6.25,9.440835266821345,97.11538461538461
12303,157,,,,2.684563758389262,10.679738562091503,97.98657718120806
12401,24152,38.323203047366675,17.075190460417357,14.35491884730043,10.445220427760802,10.134303464954343,96.35371179039302
12402,203,,,,9.793814432989691,11.083743842364532,96.3917525773196
13101,438856,35.85971936124834,12.692546074338734,8.074858267860073,7.382217872108245,12.429265488658704,98.10426880821619
13102,85041,37.10298561870157,18.652179536929246,13.004315565433144,10.708206078205578,10.037519242932325,95.87614655906972
13103,127250,38.42271119842829,17.576424361493125,14.721414538310412,13.05621390659946,9.25319349947205,95.51596846395404
13104,121587,39.48562757531644,16.53795224818443,15.83063978879321,12.131844579646017,10.121271280379862,96.35858943982291
13105,155257,38.4935816098469,17.718363745273965,15.481427568483225,13.862839435700888,9.699180397017502,95.6076921507139
13106,181049,35.700771614314355,17.21909538301786,10.655126512712028,9.14724926741658,10.679506744254946,96.98247066126696
13107,101808,36.7005343391482,19.113429200062864,11.254518308973754,9.84155623302018,10.873424234628247,96.36397596737541
13108,116943,35.91318847643724,17.508529796567558,10.978852945452058,8.69127242696772,10.944242434686704,97.18792617510684
13109,103157,37.942359704140294,16.612542047558577,14.323797706408678,9.76525628924365,11.19395206407161,97.19776150111102
13110,374836,39.432863972510646,15.676722620025824,16.206287549755093,10.027924519854949,11.266066568413352,97.10163192489841
13111,112022,39.18153576975951,16.95381264394494,16.31911588795058,12.804339243076576,9.717864531798147,95.89294953200697
13112,175421,36.026405048426355,20.3738434965027,12.712845098363365,13.77320013109819,8.810169491525423,94.67064268101595
13113,89870,40.767575386669634,16.309113163458328,17.91031489929899,7.299117023507211,12.783040626441501,97.42479250084634
13114,296134,40.804953163095085,14.125699852093984,18.12794208027447,5.517838315333543,13.661263677065627,98.23294949704004
13115,112620,36.28705380927011,20.104777126620494,11.38785295684603,4.481401186672753,12.064300509230366,97.44143972576651
13116,87295,38.85866315367432,17.647058823529413,15.58050289249098,14.226928895612708,9.24011260325811,94.93851838391181
13117,91290,40.06707196845218,15.690656150728447,16.53412202869975,13.710985584942994,9.95821250978533,96.1854115588706
13118,123800,39.89318255250404,14.524232633279482,16.095315024232633,10.166015542241167,11.812392988177741,97.41430485591682
13119,503635,38.85843120513864,16.077516455369466,14.122727769118509,9.635824295980326,11.041884994692156,97.18942606611206
13120,241467,39.757258755854835,12.895343877217178,14.817759776698264,6.709672938173419,13.685565220301825,98.25213316334744
13121,96062,40.610688930066,16.055255980512587,18.275696945722554,14.6976683058254,9.98873951872724,95.97272767132898
13122,236478,38.2528015291063,16.966483140080683,13.34373599235447,10.129215701060607,10.663979136126548,96.40471085423076
13123,143974,40.55226638142998,11.893119591037271,16.04803645102588,6.264142732811139,14.41800300983446,98.49307600043615
13124,227820,37.462009481169346,17.79518918444386,12.208322359757704,10.86904199875957,10.199761093660134,96.1886586190604
13125,205624,35.29339473991363,19.052737034587402,8.746060771116213,9.51922581973542,10.39142440294927,96.72427559562138
13126,129351,37.6609226059327,17.05746380004793,13.253859653191702,10.324720527414929,10.618250932726378,96.77493476013065
13127,154615,38.59201241794134,16.483523590854706,14.611777641237914,11.338879189346478,10.22879559225766,96.39451258389838
13128,143622,36.74533149517483,19.28882761693891,12.803052457144448,12.401240493243742,9.52811895347859,95.72297212432859
13129,95602,39.69626158448568,15.535239848538735,16.51952888014895,12.616955853283548,10.595996082437313,96.8134319338073
13130,150829,37.03662425660848,15.621664268807722,11.485191839765562,7.494960987154907,12.290998130891209,97.75719744685043
13131,76002,39.85587221388911,16.4350938133207,16.750874976974288,15.21678941248131,9.512365662730529,95.57101481409626
13132,86420,40.50467484378616,17.37445035871326,19.239759314973387,4.629802023211072,13.413831613100417,98.09282259769
13201,568086,36.92585805670268,18.36007224258299,11.724633242149956,10.858255425694024,10.422204180899321,96.46278596706328
13202,29060,38.12501720578114,18.750860289057123,13.743977976600139,8.836497467478045,10.575677553856845,96.16296458401722
13203,17441,39.521759073447626,16.810962674158592,15.830514305372398,10.814725407362703,10.641107314530608,96.02689116346677
13301,173293,33.27714910584963,23.77822531781434,7.64370170751271,7.92837283939867,10.125056801631226,95.36925749942397
13302,145160,32.309499862220996,24.154036924772665,6.7105263157894735,8.23753932399994,9.773367975713283,95.29106331550324
13303,19742,37.13762536723736,19.759902745415864,13.711883294499039,11.045948563434843,9.697889651665395,94.68274043377643
13401,306371,35.869191274631085,19.84685234568546,11.320914838545423,11.405793231635636,9.908755581440497,95.65999097566902
13402,116969,35.183980370867495,21.30393523070215,10.367704263522812,9.288941430914873,10.165424867565356,95.61656149104785
13403,25491,38.0811266721588,18.018124043780155,13.475344239143228,8.190476190476192,10.357250158127767,95.52313049245565
13404,78828,36.94524788146344,19.458821738468565,12.784797280154258,11.188943071907751,9.621213478544645,94.9652894790052
13501,136325,37.40882450027508,19.37942417018155,14.165413533834586,11.006102795423683,9.551704268427818,94.91704161979753
13502,7768,36.679711637487124,20.7389289392379,13.014933058702368,10.605433733278169,9.150329329717163,93.94232096039741
13503,35165,38.7265462818143,18.359163941419023,15.10024171761695,10.727900345189854,10.012395511279056,95.40046866550502
13504,15352,38.67639395518499,18.890046899426785,15.41167274622199,10.85367535512343,9.286508040266702,94.41606847045831
13505,11108,38.79321209938783,19.211379186172127,17.023766654663305,11.479957906821008,8.613938353068788,94.34920026817355
13601,76429,37.31151787933899,18.93652932787293,12.923105104083529,10.011910697468284,10.149211585406084,95.77267559548568
13602,37497,37.145718324132595,20.076272768488145,13.36373576552791,12.421570289977955,9.416715920692063,94.40753201956515
13603,39274,37.4461985028263,19.1144268472781,13.118093395121456,9.436300926923906,9.673479842221198,95.13128807893459
13604,81243,34.70786406213458,21.51693068941324,9.574978767401499,9.814512304368446,10.085522077407205,95.66065591057682
13605,94402,37.29869070570539,18.7972712442533,12.762441473697592,10.540093073205655,10.30721722063404,95.82340104079235
14101,170043,38.26897902295302,16.158853936945363,14.215227912939667,10.972239358420728,10.988841349230805,96.42563808041696
14102,5501,,,,15.339400834281381,9.004195549069683,94.34856817750806
14103,16876,39.27696136525243,18.132258829106423,16.135340127992414,15.129979427716478,9.316776844738254,94.71747536484969
14104,21431,39.09579580980822,18.19793756707573,15.715552237413094,12.942678913502629,8.944993211928281,93.34512926373735
14105,8074,39.264305177111716,17.847411444141688,16.336388407233095,13.054219217266935,9.297290579169774,94.3641806585969
14106,22973,37.47729943847125,19.927741261480868,14.303747877943673,13.212699000370234,9.021833677459034,94.34504496152776
14107,19802,39.987476012523985,17.57903242096758,17.422482577517425,11.73943026895125,9.024608047085088,93.7825486236582
14108,35098,39.11541968203316,18.610747051114025,15.604877770813152,13.497412444337463,8.831414002520912,93.00575076024448
14201,38907,39.91130130824787,17.26681574009818,16.70907548770144,12.423011753314865,9.50167664052827,94.75370121130553
14202,15635,38.305596418292296,20.05756315957787,14.563479373201153,11.845915549868678,8.723266405798961,93.25380779080739
14203,10527,40.35071720338178,18.067825591336565,17.33637313574618,13.140222511777086,8.52423201679069,93.09652819586594
14204,33363,40.60105506099571,16.851002607679167,17.50741839762611,13.42132488948804,9.148281663061764,94.36319126231875
15101,241653,36.332327759225,19.67738865232379,12.67768246204268,10.328888575843353,10.35296772926184,96.43689966630373
15102,861,,,,15.227817745803357,9.182456140350878,96.1630695443645
15201,1547,,,,13.658201784488675,9.044884488448846,94.50171821305841
15202,508,,,,18.57451403887689,5.774257425742574,87.44588744588745
16101,190382,38.86179365696337,17.39712787973653,15.13588469498167,13.878836172073001,10.56468817658552,95.5683794291284
16102,23863,40.35770858651469,17.344843481540458,17.235888195113773,14.941870706358992,9.165300029435263,93.18171801313412
16103,32688,37.51290993636809,18.3920704845815,12.64990210474792,14.779945187812348,9.949809558913872,94.90125209758617
16104,13186,40.86114060367056,16.646443197330502,17.389655695434552,16.68389662027833,8.551362842608762,92.8668207539651
16105,8930,40.308398656215005,16.98768197088466,16.830907054871222,15.778906342269988,8.679626924373524,92.4967505612667
16106,12502,41.23076307790753,16.04543273076308,17.89313709806431,13.880258627928457,9.248111236135669,94.21390013495277
16107,19165,42.64534307331072,15.716149230367856,21.147925906600573,16.62204251133818,9.098619639951714,93.10137316045736
16108,17405,41.384199942545244,16.041367423154266,18.213157138753232,17.91646605681271,8.642226708970291,91.99686860171022
16109,18680,41.23790149892934,16.407922912205567,18.035331905781586,17.428779313818772,9.326413166245361,94.19307873222085
16201,11746,41.446790396730805,16.303422441682276,18.95964583688064,18.749443306315133,8.98116905248807,92.83486320292309
16202,5495,,,,17.34771093454408,8.907995618838992,91.12414837244512
16203,15895,40.940044039005976,16.96759987417427,18.597043095312994,15.897842011482874,9.062456627342124,92.89675204647479
16204,5763,,,,21.517390520814562,8.403752605976372,89.79812545061283
16205,5203,,,,22.558788361897168,8.441108545034641,90.37273270879011
16206,6508,43.670712968653966,16.118623232944067,22.802704363859867,19.445335043283105,8.821417565485362,92.37927161880314
16207,6124,41.85875244937949,15.431090790333116,19.13781841933377,16.043693463048303,8.707364975450082,91.31251066734937
16301,55847,40.181943524271674,17.021505183805754,17.026877003240998,15.856690777576855,9.181474888061715,93.29198167455365
16302,29766,38.4134583081368,18.45058120002688,14.220923200967547,13.65928135208067,8.665946238011617,91.97228144989339
16303,12797,43.32109088067516,15.441119012268501,21.73165585684145,17.070188310100267,8.264498432601881,91.6238479732485
16304,5245,,,,15.396952686447474,9.11919770773639,91.71846801684379
16305,15099,40.47400490098682,17.140207960792107,17.09384727465395,16.69453734671126,8.885145482388975,92.32002230120567
