codigo_comuna,total_hogares,porcentaje_computador,porcentaje_internet_fija,porcentaje_internet_movil
1101,71344,56.53874187037452,75.10091948867459,87.60792778649922
1107,42399,43.019882544399636,60.02264204344442,86.28269534658837
1401,5675,37.67400881057269,38.07929515418502,84.66960352422907
1402,489,24.539877300613497,5.112474437627812,74.43762781186093
1403,353,6.232294617563739,1.9830028328611897,37.110481586402265
1404,1039,26.46775745909528,9.528392685274301,79.4995187680462
1405,2184,39.789377289377285,31.08974358974359,86.12637362637363
2101,135023,60.14456796249527,77.81637202550677,90.69788110173822
2102,4774,45.28697109342271,61.75115207373272,88.47926267281106
2103,487,57.28952772073922,23.613963039014372,73.92197125256673
2104,4129,43.303463308307094,49.23710341487043,79.05061758294987
2201,56541,55.81613342530199,71.78330768822624,88.47561946198333
2202,102,39.21568627450981,12.745098039215685,88.23529411764706
2203,3919,41.43914263842817,6.685378923194693,85.48099004848176
2301,8811,44.31960049937578,67.30223584156168,82.27215980024968
2302,1649,52.63796240145543,45.96725288053366,91.75257731958763
3101,57356,53.30218285793988,65.8623334960597,88.1372480647186
3102,6984,44.60194730813288,45.546964490263456,87.67182130584192
3103,3889,40.16456672666495,25.81640524556441,84.13473900745693
3201,4415,46.4326160815402,17.41789354473386,87.42921857304643
3202,4168,50.79174664107485,34.93282149712092,89.9232245681382
3301,18778,44.584087762275004,55.42123761848973,83.71498562147194
3302,1922,29.656607700312176,4.422476586888657,78.35587929240374
3303,2736,39.29093567251462,10.307017543859649,85.96491228070175
3304,3491,39.587510741907764,23.05929533085076,87.25293612145518
4101,86795,61.62566968143326,70.83472550262113,88.03963361944813
4102,90296,54.04336847700895,68.5434570745105,87.4889253123062
4103,4067,44.332431767887876,22.498155888861568,83.35382345709368
4104,1626,29.766297662976633,12.546125461254611,83.39483394833948
4105,1870,39.51871657754011,9.679144385026737,89.73262032085562
4106,9842,41.515952042267834,39.554968502336926,82.25970331233489
4201,11593,46.148537910808244,43.845423962736135,80.75562839644613
4202,3779,28.049748610743585,13.045779306694893,76.02540354591162
4203,8543,41.28526278824769,44.53938897342854,83.17921104998244
4204,10058,43.8258103002585,37.8106979518791,80.59256313382383
4301,42363,41.42530038004863,49.60224724405731,82.86712461345986
4302,5256,30.28919330289193,21.727549467275495,73.87747336377474
4303,11220,29.66131907308378,18.538324420677363,82.0499108734403
4304,4463,32.26529240421242,20.41227873627605,77.70557920681156
4305,1882,30.18065887353879,5.472901168969182,76.9394261424017
5101,109579,57.05107730495806,69.38190711723962,87.9493333576689
5102,10603,44.28935207016882,43.30849759502028,86.20201829670849
5103,18259,65.41431622761378,75.56273618489512,90.88668601785422
5104,376,56.91489361702128,1.5957446808510638,86.96808510638297
5105,8504,45.7549388523048,47.0719661335842,85.92427093132643
5107,13113,43.02600472813239,58.68222374742622,86.22740791580874
5109,132347,62.43360257504893,73.1501280724157,89.78594150226299
5201,2077,53.73134328358209,7.077515647568608,88.10784785748676
5301,23192,55.24749913763367,71.45136253880648,87.15074163504657
5302,5769,50.77136418790084,62.818512740509625,87.53683480672561
5303,4046,50.71675729115176,60.75135936727632,85.5907068709837
5304,7132,52.50981491867639,62.324733595064494,86.79192372406057
5401,14322,43.81371316855188,43.855606758832565,85.70730344923894
5402,6779,46.76205930078183,37.158872990116535,85.61734769139991
5403,2715,51.01289134438306,46.74033149171271,92.63351749539595
5404,3820,40.602094240837694,19.476439790575917,86.91099476439791
5405,2815,50.87033747779751,42.55772646536412,89.20071047957371
5501,33899,51.59444231393257,66.29104103365881,87.05861529838639
5502,17536,45.54630474452554,62.28330291970803,81.99133211678831
5503,6682,41.20023944926668,37.7431906614786,86.51601316970967
5504,8582,64.70519692379398,74.20181775809834,89.82754602656723
5506,7534,41.398991239713304,49.1239713299708,84.85532253782851
5601,34941,44.04853896568501,56.8129131965313,85.43258635986378
5602,6448,56.389578163771716,51.302729528535984,89.98138957816377
5603,9318,33.869929169349646,44.8916076411247,83.19381841596909
5604,7727,43.41917950045296,51.58535007117898,89.15491134981235
5605,6787,40.150287313982616,44.05481066745248,88.6547811993517
5606,4663,56.916148402316104,52.434055329187224,84.85953248981343
5701,29681,49.26720797816785,59.74529160068731,85.68444459418482
5702,4928,34.030032467532465,22.483766233766232,82.93425324675324
5703,8937,43.80664652567976,48.21528477117601,84.65928163813359
5704,2442,41.1957411957412,39.96723996723996,89.06633906633907
5705,6049,44.75119854521408,37.41114233757646,84.72474789221359
5706,5362,41.32786273778441,45.729205520328236,83.6255128683327
5801,59724,60.12490790971804,74.28337016944612,88.04668140111178
5802,19916,51.14480819441655,58.812010443864224,86.02128941554528
5803,7450,46.22818791946309,39.664429530201346,85.66442953020135
5804,50084,63.028112770545484,78.36235124990016,89.6933152304129
6101,92917,55.14276181968854,71.29481149843409,85.67431148229065
6102,4660,47.85407725321888,48.02575107296138,83.71244635193133
6103,2796,44.241773962804004,39.55650929899857,83.40486409155938
6104,7553,41.149212233549584,41.65232358003442,77.25407122997484
6105,7708,46.82148417228853,49.05293201868189,85.18422418266735
6106,12187,49.035857881348974,67.70329039140067,83.46598834823993
6107,9846,38.24903514117408,27.625431647369492,85.60836888076376
6108,20491,68.52764628373433,76.46283734322385,90.17129471475282
6109,4937,40.753494024711365,28.843427182499493,84.48450475997569
6110,9140,48.6870897155361,58.50109409190372,85.1422319474836
6111,4713,51.89900275832803,50.944196902185446,86.63271801400381
6112,4867,44.19560304088761,57.160468461064305,81.13827820012328
6113,7253,38.27381773059424,36.55039294085206,80.76657934647731
6114,4856,43.30724876441516,33.60790774299836,83.73146622734761
6115,22445,47.94386277567387,57.57184228113166,84.78948540877701
6116,9858,49.786975045648205,55.589369040373306,84.80421992290526
6117,17860,45.996640537514,48.163493840985446,83.11310190369541
6201,7752,47.92311661506708,48.10371517027864,85.69401444788441
6202,1814,39.360529217199556,17.03417861080485,86.10804851157663
6203,3410,42.90322580645161,16.979472140762464,87.5366568914956
6204,3307,40.520108859993954,19.98790444511642,81.00997883277896
6205,3678,38.988580750407834,21.016856987493203,80.66884176182708
6206,2857,31.291564578228908,8.295414770738537,75.988799439972
6301,27372,49.94519947391495,62.73198889376005,85.65322227093381
6302,5533,38.080607265497925,27.164287005241277,81.20368696909452
6303,13280,42.55271084337349,40.21084337349398,83.29819277108433
6304,2898,38.612836438923395,17.943409247757074,79.12353347135955
6305,6523,40.88609535489805,45.13260769584547,83.59650467576269
6306,4455,40.11223344556678,41.90796857463524,79.30415263748597
6307,4486,43.86981720909496,38.85421310744538,85.84485064645564
6308,3288,40.14598540145985,36.435523114355234,84.67153284671532
6309,1777,35.002813731007315,6.978052898142938,82.61114237478897
6310,14864,46.871636167922496,47.409849300322925,84.1227125941873
7101,85310,57.36607666158715,68.24522330324699,86.49982417067167
7102,17599,40.15000852321155,35.84294562191034,82.73197340757997
7103,3791,31.46926932207861,17.119493537325244,69.74413083619098
7104,1464,36.885245901639344,8.128415300546447,82.10382513661202
7105,20409,56.32319074917929,63.23190749179284,87.054730756039
7106,3247,38.18909762858023,25.654450261780106,83.03048968278411
7107,3423,39.29301782062518,28.22085889570552,81.41980718667836
7108,5132,36.262665627435695,25.506625097427904,82.56040530007795
7109,16662,38.902892809986795,37.42047773376546,83.23130476533429
7110,3925,42.64968152866242,27.617834394904463,84.17834394904459
7201,16229,38.69616119292624,42.65204263971902,72.99895249245179
7202,3486,33.87837062535858,19.879518072289155,71.85886402753873
7203,3488,35.63646788990826,20.154816513761467,81.93807339449542
7301,57624,54.918089684853534,69.04935443565181,85.57371928363182
7302,4069,38.65814696485623,36.44630130253134,79.06119439665765
7303,2668,42.203898050974516,33.8455772113943,80.99700149925037
7304,17351,45.59391389545271,56.89585614661979,83.50527347126967
7305,4073,41.39454947213356,33.41517309108765,81.09501595875275
7306,6128,45.28394255874674,40.33942558746737,85.68864229765013
7307,6735,41.54417223459539,42.00445434298441,82.44988864142539
7308,10737,40.13225295706436,31.703455341343016,84.99580888516346
7309,1894,37.434002111932415,16.050686378035902,81.5205913410771
7401,35302,48.35420089513342,56.15829131493967,82.60155231998188
7402,8224,39.19017509727627,28.23443579766537,83.97373540856032
7403,12001,33.563869677526874,22.131489042579787,79.66002833097242
7404,17047,41.543966680354316,44.11919985921276,81.59206898574529
7405,8220,34.02676399026764,32.372262773722625,76.64233576642336
7406,18078,41.28775307002987,53.16959840690342,80.00331895121143
7407,6674,39.211866946359,45.69973029667366,79.95205274198382
7408,7105,35.073891625615765,25.39057002111189,82.75862068965517
8101,92197,70.81792249205505,76.7205006670499,90.33048797683222
8102,41939,52.77426738834975,76.43720641884642,82.65814635542097
8103,29395,64.95322333730226,81.92889947269944,88.04898792311617
8104,4956,41.464891041162225,20.278450363196125,81.19451170298629
8105,8824,45.84088848594742,57.060290117860376,83.47688123300091
8106,13835,43.440549331405855,70.32887603903144,79.1832309360318
8107,16858,55.8191956341203,71.59212243445249,86.83710997745877
8108,52351,66.72460888999255,80.55242497755535,90.24087409982617
8109,5603,40.47831518829199,33.71408174192397,81.34927717294306
8110,51086,60.43534432134049,76.14414908194026,87.93798692401049
8111,20751,49.28437183750181,58.604404607006884,82.5357814081249
8112,30684,61.038326163472824,78.42849693651415,88.54451831573459
8201,8825,42.69688385269122,56.97450424929178,78.41359773371104
8202,13212,45.360278534665454,50.02270663033605,82.91704511050561
8203,12568,39.258434118395925,30.856142584341185,80.52991725015913
8204,2290,30.91703056768559,32.05240174672489,75.54585152838428
8205,11133,41.10302703673763,59.031707536153775,79.78083176142998
8206,7997,34.98812054520445,43.241215455795924,81.24296611229211
8207,3609,30.61789969520643,2.493765586034913,77.38985868661679
8301,78739,50.72581566949034,55.29280280420122,85.10903110275721
8302,1723,40.684852002321534,21.938479396401625,82.70458502611724
8303,11393,42.736768190994475,45.06275783375757,80.13692618274379
8304,8565,43.00058377116171,45.615878575598366,77.03444249854057
8305,10169,39.335234536335925,51.12597108860262,78.95564952306027
8306,9234,45.24583062594758,50.617283950617285,79.85705003248863
8307,3762,39.44710260499734,23.95002658160553,84.26368952684741
8308,1731,30.675909878682845,24.494511842865396,77.7007510109763
8309,3584,35.88169642857143,30.41294642857143,75.89285714285714
8310,1323,39.60695389266818,41.57218442932729,77.62660619803476
8311,5218,36.66155615178229,28.037562284400153,78.88079724032197
8312,6182,39.61501132319638,45.66483338725332,77.36978324166937
8313,8894,35.23723858781201,31.4706543737351,74.04992129525523
8314,2030,21.87192118226601,4.778325123152709,57.58620689655173
9101,110729,60.33017547345321,68.63152381038391,87.79000984385301
9102,9095,32.07256734469489,20.5607476635514,73.36998350742167
9103,7332,33.97435897435898,23.24058919803601,77.63229678123295
9104,2907,31.02855177158583,14.413484692122463,79.29136566907464
9105,9724,32.09584533113945,20.197449609214317,73.25174825174825
9106,4516,26.594331266607618,13.441098317094774,73.02922940655448
9107,5587,34.974046894576695,32.62931805978164,77.3581528548416
9108,14825,41.36256323777403,47.642495784148394,78.16526138279933
9109,9576,37.21804511278196,41.23851294903926,76.0547201336675
9110,2632,32.066869300911854,7.256838905775076,80.7370820668693
9111,12117,35.34703309400016,33.11050590080053,72.79854749525461
9112,27719,42.94887982971969,39.80663083083805,83.13791983837801
9113,2742,34.57330415754923,26.914660831509845,78.8110867979577
9114,10272,39.76830218068536,40.040887850467286,79.09852024922118
9115,12565,47.99840827695981,41.24154397134899,86.5658575407879
9116,4930,22.920892494929006,8.397565922920892,70.18255578093306
9117,6051,26.342753263923317,15.567674764501735,73.14493472153363
9118,3860,29.352331606217618,11.580310880829016,74.89637305699482
9119,11237,42.36006051437216,31.645456972501556,80.1993414612441
9120,25214,47.061156500356944,52.47878162925359,82.54541127944792
9121,4553,31.97891500109818,19.371842741049857,75.7742148034263
9201,19276,44.319360863249635,56.21498236148579,81.29279933596182
9202,8814,33.02700249602905,35.772634445200815,76.84365781710915
9203,7109,40.21662681108454,32.22675481783654,80.20818680545787
9204,2789,26.03083542488347,23.19827895302976,62.997490139835065
9205,3774,28.82882882882883,5.193428722840487,77.95442501324854
9206,2720,31.61764705882353,27.72058823529412,75.03676470588235
9207,3404,24.206815511163338,3.90716803760282,73.1198589894242
9208,4518,35.76803895528995,29.061531651173084,78.7295263390881
9209,3837,38.1808704717227,27.65181131091999,81.91295282773
9210,7044,34.79557069846678,36.99602498580352,78.2793867120954
9211,12479,39.81889574485135,49.9959932686914,76.20802948954243
10101,100585,54.3908137396232,61.753740617388274,88.32231446040663
10102,13417,37.646269657896696,27.39062383543266,81.63523887605277
10103,1891,31.729243786356427,7.086197778952935,80.11634056054997
10104,4856,34.040362438220754,33.9168039538715,82.04283360790774
10105,8164,49.020088192062715,57.0921117099461,84.32141107300343
10106,6666,34.533453345334536,25.967596759675963,81.5931593159316
10107,6209,49.46046062167821,61.05653084232565,85.84313093895958
10108,5965,32.84157585917854,15.138306789606034,82.09555741827326
10109,19137,63.68291790771803,68.60531953806762,87.16099702147672
10201,18004,45.828704732281714,43.70695401021995,85.34770051099756
10202,15726,41.212005595828565,35.8514561872059,83.5304591122981
10203,6357,37.423312883435585,20.733050180902943,84.58392323422999
10204,1423,39.28320449754041,15.600843288826423,76.9501054111033
10205,5615,37.773820124666074,21.246660730187,82.93855743544079
10206,1558,37.291399229781774,11.810012836970476,79.13992297817714
10207,2241,34.31503792949576,17.8491744756805,77.46541722445338
10208,10904,36.08767424798239,30.218268525311814,83.5564930300807
10209,3376,32.612559241706165,14.010663507109006,76.98459715639811
10210,3016,34.8474801061008,14.688328912466844,76.95623342175067
10301,62744,50.69966849419865,60.19858472523269,85.41533851842408
10302,3354,35.86762075134168,22.271914132379248,83.09481216457961
10303,7312,39.53774617067834,45.199671772428886,80.0191466083151
10304,4409,37.128600589702884,22.363347697890678,85.80176910864141
10305,5277,36.327458783399656,29.14534773545575,80.10233086981239
10306,3343,19.623093030212384,2.422973377206102,70.08674842955429
10307,4195,35.041716328963055,29.463647199046484,79.8092967818832
10401,1681,38.48899464604402,25.223081499107675,84.83045806067817
10402,1337,51.00972326103216,38.29468960359013,85.71428571428571
10403,3713,35.79315917048209,15.136008618367896,83.4096417990843
10404,869,43.843498273878026,31.41542002301496,73.87802071346375
11101,22543,54.29179789735172,53.284833429445946,85.54318413698266
11102,376,27.393617021276594,10.638297872340425,68.88297872340425
11201,9126,48.202936664475125,47.08525093140478,81.29520052596976
11202,2183,44.89234997709574,42.78515803939533,78.97388914338067
11203,609,42.69293924466338,14.449917898193759,87.35632183908046
11301,1469,50.170183798502386,38.121170864533696,79.37372362151123
11302,292,55.13698630136986,11.643835616438356,79.1095890410959
11303,234,51.28205128205128,8.11965811965812,93.58974358974359
11401,2114,47.44560075685904,40.63386944181646,78.05108798486282
11402,1239,43.583535108958834,25.585149313962873,83.7772397094431
12101,49779,61.06792020731634,76.00594628256896,88.51724622832921
12102,101,33.663366336633665,4.9504950495049505,74.25742574257426
12103,63,22.22222222222222,14.285714285714285,90.47619047619048
12104,113,33.6283185840708,15.929203539823009,82.30088495575221
12201,622,75.72347266881029,43.08681672025724,91.47909967845659
12202,4,0.0,0.0,0.0
12301,2781,49.83818770226537,65.87558432218627,87.77418194893923
12302,181,43.646408839779006,21.54696132596685,90.60773480662984
12303,63,55.55555555555556,14.285714285714285,80.95238095238095
12401,9536,54.58263422818792,72.0113255033557,83.79823825503355
12402,101,50.495049504950494,19.801980198019802,79.20792079207921
13101,208348,64.79831819839883,68.51181676809952,91.79449766736421
13102,28279,51.06969836274266,67.2689981965416,87.67990381555218
13103,42018,41.31562663620353,64.5413870246085,82.07910895330572
13104,40890,50.69699192956713,69.89239422841771,86.23135240890193
13105,50477,47.88517542643184,70.79263823127366,85.11005012183766
13106,68183,47.10851678570905,71.47382778698503,87.20648842086737
13107,32057,66.23514365037278,77.8020401160433,88.68265901363198
13108,45569,51.22341942987557,69.44413965634533,89.89664025982576
13109,38159,60.061846484446654,75.8195969496056,88.844047275872
13110,133971,65.37161027386524,80.35395719969247,89.80674922184652
13111,37274,45.86038525513763,69.02130171164887,84.32955947845683
13112,54319,39.55890204164289,68.54691728492793,81.6307369428745
13113,30645,81.94811551639745,87.52488170990374,91.59732419644314
13114,116322,86.24851704750606,91.30001203555648,92.42619624834512
13115,32513,79.69735182849938,84.18478762341218,90.44074677821179
13116,27529,42.83482872607069,64.64092411638636,83.30487849177231
13117,31971,47.9059147352288,66.71671202026836,85.75584123111571
13118,47638,68.26902892648727,80.589025567824,90.76157689239682
13119,167650,64.89591410677006,81.33730987175663,90.40978228452133
13120,108724,83.27048305801847,87.95574114270998,93.15054633751517
13121,32556,47.6041282712864,67.80009829217349,83.55756235409756
13122,76321,59.01521206483144,73.21182898546927,88.94537545367592
13123,69431,89.33617548357363,86.8761792282986,94.35266667626853
13124,74288,54.68850958432048,74.29732931294421,88.1919017876373
13125,65227,59.44317537216184,78.10262621307128,90.80748769681267
13126,45855,52.53298440737106,70.72293097808308,88.7122451204885
13127,56276,48.39363138815836,63.874475797853435,86.44182244651361
13128,46588,48.60693740877479,70.12320769296815,84.53464411436421
13129,33568,55.826978074356525,72.35462345090562,87.0680409914204
13130,60402,74.12999569550676,84.4525015727956,92.45554782954207
13131,25014,44.846885743983364,65.88710322219558,85.27624530263053
13132,31142,88.81574722240062,94.3292017211483,91.52912465480702
13201,183615,59.93845818696729,78.91838902050486,88.69101108297252
13202,9195,61.109298531810765,63.51277868406743,90.78847199564981
13203,6383,56.47814507284976,58.17013943286856,89.98903336988877
13301,51045,59.504358899010676,67.18777549221275,89.75609756097562
13302,45519,55.26263757991169,64.84105538346624,90.88073112326721
13303,6592,50.7129854368932,53.26152912621359,87.54550970873787
13401,99053,54.836299758715036,72.73176986057969,87.74797330721937
13402,37708,60.38506417736289,75.29701920016973,88.50641773628938
13403,7859,58.55706832930399,60.389362514314804,91.53836365949867
13404,25952,49.136868064118374,66.17601726263872,85.01849568434032
13501,46619,46.93794375683734,57.21701452197602,84.4312404813488
13502,2777,51.746489016924734,65.1422398271516,86.24414836154124
13503,12020,50.03327787021631,55.04159733777038,84.47587354409319
13504,5248,45.88414634146341,50.11432926829268,83.9748475609756
13505,3975,34.41509433962264,21.50943396226415,80.17610062893081
13601,24483,53.95172160274476,67.94918923334559,86.74182085528734
13602,12174,46.20502710694924,57.96780022999835,84.79546574667324
13603,13043,50.70919267039792,67.09346009353676,83.83040711492755
13604,26172,58.96759896072138,75.89408528198074,88.52972642518722
13605,30805,57.20175296218146,71.38776172699237,88.3622788508359
14101,63322,61.083035911689464,71.49647831717255,87.51776633713402
14102,2133,33.94280356305673,15.142991092358182,82.65353961556492
14103,6435,38.25951825951826,37.21833721833722,78.46153846153847
14104,7910,41.02402022756005,31.150442477876105,81.74462705436156
14105,2954,44.211238997968856,31.65199729180772,84.46174678402166
14106,8230,38.6269744835966,34.0947752126367,80.70473876063183
14107,7304,37.363088718510404,34.54271631982475,77.50547645125958
14108,13326,36.222422332282754,25.371454299864926,80.5042773525439
14201,14616,44.10235358511221,44.47865353037767,81.15079365079364
14202,5763,39.89241714384869,33.78448724622592,83.22054485511019
14203,4090,33.32518337408313,16.577017114914426,78.50855745721272
14204,12942,39.329315407201356,37.02673466233967,79.53175707000464
15101,80658,52.4076966946862,68.60943737756949,84.9178010860671
15102,437,12.814645308924485,2.9748283752860414,67.27688787185355
15201,621,25.120772946859905,5.636070853462158,73.26892109500805
15202,227,6.167400881057269,1.762114537444934,54.62555066079295
16101,70266,54.25383542538354,64.9773717018188,86.62653345857171
16102,8775,39.566951566951566,35.623931623931625,79.95441595441596
16103,11764,47.687861271676304,55.95885753145189,82.24243454607276
16104,5014,32.82808137215796,25.408855205424814,76.0071798962904
16105,3245,33.89830508474576,18.181818181818183,77.84283513097073
16106,4783,39.09680117081329,23.688061885845705,79.42713777963621
16107,7533,34.97942386831276,31.315544935616618,79.6760918624718
16108,6621,31.747470170669086,19.64959975834466,75.0339827820571
16109,7316,36.72772006560962,33.310552214324765,79.82504100601422
16201,4650,35.913978494623656,41.24731182795699,71.50537634408603
16202,2312,33.13148788927336,15.181660899653979,75.9515570934256
16203,5642,40.71251329315845,40.2339595887983,80.62743707904998
16204,2309,31.35556517973149,14.55175400606323,72.67215244694673
16205,2047,30.72789447972643,17.14704445530044,73.4733756717147
16206,2618,32.391138273491215,20.511841100076396,81.5126050420168
16207,2336,34.16095890410959,28.46746575342466,75.9417808219178
16301,20691,38.99763182059833,41.18698951234837,78.80237784544005
16302,10473,37.38183901460899,25.675546643750597,81.83901460899456
16303,4921,28.46982320666531,9.61186750660435,74.88315383052225
16304,2023,42.75827978250123,25.704399406821555,83.58872960949085
16305,5445,40.56932966023875,29.62350780532599,80.55096418732782
