codigo_comuna,total_viviendas,promedio_personas_vivienda,porcentaje_hacinamiento,porcentaje_agua_red,porcentaje_saneamiento,porcentaje_electricidad
1101,76870,2.596422531546767,7.299336542214127,85.14244828931963,78.49616235202289,85.48458436321062
1107,46807,3.035571602538082,11.353002755998034,66.56696647937275,63.61868951225244,81.39167218578419
1401,11659,1.447637018612231,5.763787631872373,31.82948794922378,28.201389484518398,36.91568745175401
1402,1178,1.133276740237691,6.791171477079796,11.884550084889643,2.461799660441426,38.455008488964346
1403,2218,0.35617673579801623,2.5247971145175834,9.017132551848512,1.4878268710550047,6.582506762849413
1404,3215,0.8889580093312597,4.447900466562986,18.102643856920682,13.872472783825817,18.818040435458787
1405,3200,1.96,7.062499999999999,44.3125,41.1875,53.5
2101,140680,2.8511231162922948,6.07406880864373,88.00611316462894,85.02772249075917,88.71978959340346
2102,5823,2.4186845268761807,6.40563283530826,70.46196118839086,63.146144599003954,71.32062510733299
2103,734,2.005449591280654,8.174386920980927,54.08719346049047,54.495912806539515,56.675749318801095
2104,5339,2.265780108634576,4.851095710807267,58.325529125304364,53.1934819254542,67.14740588125116
2201,61290,2.713884809920052,7.984989394681024,81.3215859030837,75.44623919073258,82.33806493718387
2202,438,0.5844748858447488,1.82648401826484,18.72146118721461,12.785388127853881,17.80821917808219
2203,5072,1.940654574132492,9.956624605678234,57.373817034700316,39.07728706624606,56.92034700315457
2301,11991,2.118255358185306,4.086398131932283,66.057876740889,63.53932115753482,66.2663664414978
2302,1939,2.4930376482723053,13.30582774626096,78.90665291387313,74.78081485301702,79.42238267148014
3101,64740,2.6078313253012047,4.976830398517146,75.84182885387705,73.73185047883844,82.17021933889403
3102,18161,1.0354606023897361,1.7730301194868126,29.70651395848246,29.45873024613182,32.360552832993775
3103,4659,2.5426057093796954,6.224511697789225,65.89396866280318,61.27924447306289,76.51856621592617
3201,7261,1.7001790386999036,3.1813799752100262,53.84933204792728,50.87453518799063,52.81641647156039
3202,6809,1.6738140696137465,3.0547804376560435,51.74034366279924,51.285063886033186,58.71640475840799
3301,23540,2.3033984706881903,4.367034834324554,66.20220900594732,62.64655904842821,70.5947323704333
3302,3164,1.5132743362831858,2.6232616940581543,50.47408343868521,7.711757269279393,55.72060682680152
3303,4398,1.7228285584356526,3.4333788085493406,46.83947248749432,37.949067758071855,53.97908140063665
3304,7377,1.2700284668564457,2.4671275586281687,37.115358546834756,34.82445438525146,40.6669377795852
4101,109766,2.2788568409161307,2.9927299892498587,70.68217845234408,67.51179782446295,74.07667219357542
4102,113426,2.3250312979387444,3.74252816814487,71.11156172306174,66.88325428032374,75.4439017509213
4103,5129,2.255020471826867,2.983037629167479,64.24254240592708,53.87015012673035,71.63189705595633
4104,3214,1.348786558805227,2.8624766645924082,38.612321095208465,24.082140634723086,39.42128189172371
4105,2896,1.605317679558011,3.1077348066298343,54.350828729281766,23.1353591160221,58.70165745856354
4106,12060,2.325621890547264,3.9718076285240462,74.1542288557214,55.37313432835821,76.60033167495854
4201,14216,2.2516178953292063,3.629712999437254,68.88716938660664,56.724817107484526,76.77265053460889
4202,5779,1.6679356290015575,2.4398684893580205,37.670877314414255,17.857760858279978,56.03045509603738
4203,14236,1.6071227872998033,3.2382691767350376,48.58808654116325,39.0278168024726,54.69935375105367
4204,12158,2.288452048034216,3.5449909524592864,71.80457312057904,50.30432636946867,78.4092778417503
4301,49869,2.3801560087429063,3.8180031683009483,75.55796186007339,65.27101004632136,79.27369708636628
4302,7650,1.6933333333333334,2.758169934640523,50.588235294117645,37.3202614379085,60.20915032679739
4303,14475,2.0723316062176167,4.580310880829015,68.13816925734024,37.402417962003454,71.27461139896373
4304,5891,2.0499066372432524,3.734510269903242,45.442199966049905,34.40841962315396,65.89713121711085
4305,2913,1.487813250944044,2.814967387572949,56.53964984552008,10.573292138688638,58.97699965671129
5101,132788,2.1458113684971534,3.6253275898424557,76.70346718076935,75.04367864566075,78.42199596349067
5102,14008,2.1327812678469447,3.5551113649343233,59.45174186179326,49.535979440319814,72.65134209023415
5103,26984,1.7897272457752742,2.2457752742365846,61.76623184109101,60.850874592351026,65.62036762525942
5104,472,1.9152542372881356,6.567796610169492,67.37288135593221,13.983050847457626,73.9406779661017
5105,21161,1.0651197958508578,1.7579509474977555,22.205944898634282,13.869854921790086,37.94244128349322
5107,19738,1.8114297294558719,3.845374404701591,48.14064241564495,42.106596413010436,62.716587293545444
5109,163891,2.043254358079455,3.4486335430255477,77.10063395793546,74.38480453472125,77.64672861841102
5201,3115,1.5409309791332264,4.173354735152488,61.25200642054575,29.759229534510435,62.82504012841091
5301,26142,2.4267462321169,3.656950501109326,85.47930533241527,81.1720602861296,86.27495983474867
5302,6204,2.6752095422308186,4.738878143133462,85.57382333978079,65.47388781431334,90.0386847195358
5303,4728,2.5074027072758036,4.187817258883249,77.30541455160744,56.45093062605753,81.74703891708968
5304,8218,2.4473107812119737,4.027743976636651,81.60136286201022,53.67486006327573,84.10805548795327
5401,24098,1.6295958170802556,2.726367333388663,47.98323512324674,30.575151464851857,56.668603203585356
5402,7339,2.727210791660989,4.333015397193078,83.78525684698188,55.6479084343916,88.49979561248126
5403,8022,0.9425330341560708,1.9321864871603094,26.20294190974819,24.00897531787584,32.18648716030915
5404,5037,2.0262060750446693,2.7198729402422077,61.544570180663094,44.927536231884055,73.21818542783403
5405,8100,0.9851851851851852,1.432098765432099,28.049382716049383,20.950617283950617,33.45679012345679
5501,37358,2.589887038920713,3.5628245623427377,83.05583810696504,76.55923764655496,87.27983296750361
5502,19744,2.5643739870340356,4.355753646677472,83.45826580226904,78.69732576985413,85.53484602917342
5503,7376,2.6146963123644253,5.585683297180044,80.50433839479393,37.75759219088937,87.20173535791757
5504,9860,2.529310344827586,3.3367139959432053,80.10141987829614,71.45030425963489,85.02028397565923
5506,8403,2.6342972747828157,4.914911341187671,79.32881113887898,64.38176841604188,86.14780435558728
5601,41029,2.3585756416193426,4.867288990713885,76.85539496453728,67.66677228301933,81.30590557898071
5602,21335,0.7535036325287087,1.1389735176939302,19.746894773845796,18.66416686196391,28.947738457932974
5603,18256,1.3474474145486415,3.2372918492550395,41.597283085013146,30.724145486415427,48.41695880806311
5604,18725,1.0131375166889185,1.8371161548731645,34.68090787716956,26.510013351134848,39.55674232309747
5605,25148,0.6465722920311754,1.2207730236996976,16.34722443136631,10.541593764911722,25.81119770955941
5606,8895,1.4807195053400788,1.7762788083192804,33.18718381112985,28.15064643057898,49.196177627880836
5701,31757,2.532134647479296,4.865069118619517,86.09125547123469,77.17983436722612,88.62927858424914
5702,5608,2.4536376604850214,4.56490727532097,81.20542082738945,45.114122681883025,85.11055634807418
5703,10458,2.4367947982405815,4.723656530885447,78.97303499713139,67.46987951807229,82.44406196213426
5704,2863,2.538945162417045,4.191407614390499,73.62906042612643,63.045756199790425,82.4310164163465
5705,6746,2.5698191520901275,4.313667358434628,80.69967388081827,36.15475837533353,84.82063445004448
5706,6090,2.485057471264368,3.891625615763547,78.62068965517241,45.02463054187192,85.89490968801313
5801,66244,2.453942998611195,3.8282712396594407,85.2862146005676,82.10253004045649,86.86069681782502
5802,24799,2.264002580749224,3.709827009153595,65.73248921327473,58.94592523892093,75.44255816766805
5803,10530,1.8782526115859448,3.665716999050332,46.41025641025641,35.21367521367522,67.39791073124405
5804,55321,2.522929809656369,2.9844001373800184,86.09750366045445,85.46302489109017,88.54684477865548
6101,100895,2.5545765399672926,4.100302294464543,88.22240943555181,85.96659893949155,89.22047673323752
6102,5182,2.692975685063682,4.341952913932844,80.33577769201081,42.030104206869936,87.28290235430336
6103,3386,2.3378617838157116,4.48907265209687,71.0277613703485,22.47489663319551,78.9722386296515
6104,8586,2.4892848823666434,4.880037269974377,80.13044491031913,43.233170277195434,85.09201024924296
6105,8384,2.6151001908396947,5.009541984732825,85.12643129770993,53.49475190839694,89.38454198473282
6106,13041,2.7557702630166396,5.314009661835748,85.24653017406641,79.57978682616364,89.33364005827774
6107,14775,1.864906937394247,4.081218274111675,58.72758037225042,26.44331641285956,64.16243654822334
6108,22688,2.683136459802539,2.9531029619181948,86.0719322990127,80.53155853314527,88.0333215796897
6109,5741,2.4180456366486673,4.6507577077164255,79.56801950879637,36.19578470649712,82.16338616965685
6110,10162,2.6957291871678803,5.874827789805156,75.23125369021845,53.30643574099587,85.01279275733124
6111,5250,2.647809523809524,4.571428571428571,87.27619047619048,45.54285714285714,87.54285714285714
6112,5305,2.6848256361922713,5.372290292177191,86.25824693685202,58.79359095193214,89.18001885014138
6113,7994,2.5472854640980738,5.391543657743307,86.28971728796597,41.49362021516137,87.4405804353265
6114,5254,2.5805100875523412,4.929577464788732,87.55234107346783,41.45413018652455,88.67529501332318
6115,25231,2.5215013277317584,4.934406087749197,84.33672862748206,66.51737941421267,85.71202092663786
6116,10515,2.806276747503566,5.249643366619115,89.80504041844983,50.87018544935806,90.74655254398478
6117,19297,2.568223039850754,4.653573094263357,86.13774161786806,43.33316059491112,88.6303570503187
6201,15015,1.3218115218115218,2.2111222111222113,43.663003663003664,27.845487845487842,49.2041292041292
6202,3678,1.253126699293094,2.5013594344752583,30.179445350734095,17.8357803153888,41.1636759108211
6203,5461,1.6209485442226699,3.4242812671671854,37.24592565464201,27.174510162973814,54.44057864859916
6204,5071,1.7185959376848747,3.4312758824689413,50.20705975152829,22.204693354367976,59.53460855846973
6205,6601,1.3460081805787,2.590516588395698,41.4179669747008,3.2873806998939554,53.037418572943494
6206,5686,1.2711924023918395,2.075272599366866,37.53077734787197,16.18009145269082,45.32184312346113
6301,31482,2.4008957499523538,4.3548694492090725,82.92039895813481,67.22571628232006,84.49272600215997
6302,5963,2.627536474928727,4.913634076806976,85.54418916652692,41.70719436525239,89.38453798423612
6303,14250,2.6145964912280704,5.2561403508771924,86.84912280701754,39.578947368421055,90.39298245614034
6304,3719,2.0949179887066416,4.51734337187416,63.91503092229094,25.67894595321323,75.04705566012369
6305,7112,2.6325928008998876,5.525871766029247,85.50337457817773,49.01574803149607,87.5562429696288
6306,5132,2.5448168355416994,4.890880748246298,81.858924395947,33.37879968823071,83.98285268901013
6307,5159,2.4215933320410934,4.400077534405892,74.56871486722233,42.198100407055634,83.69839116107772
6308,3759,2.5107741420590584,4.735301942005853,79.86166533652566,18.94120776802341,84.96940675711625
6309,2567,1.7760031164783794,2.571094663030775,48.77288663809895,20.958317101675107,60.42072458122322
6310,16477,2.501001395885173,4.345451235054925,84.12332342052558,54.3363476360988,86.78764338168355
7101,95719,2.425129807039355,3.904136064940085,84.12749819784996,82.26684357337624,86.09471473793081
7102,23445,2.004862444017914,3.676690125826402,63.35679249306888,58.362124120281514,73.01343570057581
7103,5199,1.830929024812464,3.250625120215426,52.26005000961723,26.408924793229467,70.62896710905943
7104,1892,2.1088794926004226,3.8054968287526427,49.2600422832981,48.731501057082454,74.78858350951374
7105,23298,2.6217271868829943,5.742982230234355,80.42321229290069,70.6283801184651,85.98162932440553
7106,4073,2.265897372943776,4.517554628038301,63.908666830346185,33.34151730910877,77.24036336852443
7107,4682,1.960914139256728,3.289192652712516,50.170867150790265,36.3947031183255,70.65356685177274
7108,6279,2.273610447523491,4.698200350374263,69.7244784201306,37.25115464245899,79.15273132664437
7109,22312,2.1235209752599498,4.67013266403729,66.4978486912872,40.475977052707066,72.47221226245966
7110,4788,2.345446950710109,4.970760233918129,61.131996658312445,46.88805346700084,79.99164578111947
7201,20267,2.1117086890018255,4.317363201263137,65.63378891794542,64.75551388957419,77.67799871712636
7202,4442,2.126519585772175,4.299864925709141,40.11706438541198,37.34804142278253,75.9792886087348
7203,7743,1.1078393387575876,1.8339145034224462,26.95337724396229,20.250548882861942,43.342373756941754
7301,62496,2.559651817716334,4.621095750128008,85.72708653353814,82.51568100358423,88.93369175627241
7302,5199,2.072513944989421,3.654548951721485,65.93575687632237,40.54625889594153,74.97595691479131
7303,4500,1.5315555555555556,3.0666666666666664,45.53333333333333,27.111111111111114,56.95555555555556
7304,19017,2.5739601409265394,5.905242677604249,83.35173791870432,67.10837671557029,88.24735762738602
7305,4784,2.354933110367893,4.974916387959866,71.80183946488295,52.21571906354515,82.14882943143813
7306,7245,2.3786059351276743,5.0103519668737055,75.65217391304347,44.982746721877156,81.40786749482402
7307,7533,2.578919421213328,5.30996946767556,80.81773529802203,45.692287269348206,87.3224478959246
7308,12501,2.4088472922166226,5.03959683225342,73.97008239340853,41.92464602831774,82.71338292936565
7309,4422,1.0664857530529173,1.8091361374943467,24.151967435549526,14.405246494798735,40.909090909090914
7401,41546,2.3285996245125884,4.229047321041737,76.96288451355124,65.23130987339336,82.77331151013335
7402,10583,2.1389965038268923,4.469432108097893,71.397524331475,31.72068411603515,75.75356704148162
7403,14137,2.3554502369668247,5.623541062460211,72.73820471104194,21.348235127679143,81.71464950130863
7404,20794,2.1796191209002598,4.3858805424641725,70.56843320188516,58.01673559680677,80.02789266134462
7405,10150,2.1980295566502464,4.571428571428571,63.22167487684729,32.98522167487685,79.2512315270936
7406,22246,2.227771284725344,4.994156252809494,68.56513530522341,62.93266205160478,79.44349545985794
7407,8164,2.1948799608035277,4.740323370896619,70.21068103870651,56.96962273395394,80.328270455659
7408,8096,2.474678853754941,5.58300395256917,79.4342885375494,26.358695652173914,84.7949604743083
8101,101617,2.267091136325615,3.121524941692827,84.92083017605322,82.99103496462206,86.23557081984313
8102,45781,2.7008584347218276,4.912518293615255,87.24798497193159,84.82558266529783,89.66165002948821
8103,30674,2.7978744213340287,3.4882962769772443,93.62000391210798,92.54091412922996,93.78300841103214
8104,6748,1.9202726733847066,3.764078245406046,28.48251333728512,29.342027267338473,70.62833432128038
8105,10881,2.3706460803234997,4.466501240694789,67.78788714272585,56.42863707379836,78.79790460435622
8106,15994,2.4996873827685384,5.495810929098412,81.79317243966487,76.2348380642741,83.4813054895586
8107,17587,2.7844999147097287,4.872917495877637,91.34588047989992,89.46949451299255,93.42127707966111
8108,56920,2.6527055516514406,4.116303583977513,89.57132817990163,88.4803232607168,90.32501756851723
8109,7532,1.9844662772172066,4.02283590015932,48.65905469994689,50.4381306425916,71.93308550185874
8110,53938,2.731321146501539,4.436575327227557,91.20471652638214,87.20011865475176,91.22881827283177
8111,25130,2.2645045762037403,3.720652606446478,72.28014325507361,59.434938320732186,79.90847592518901
8112,32364,2.710758867877889,4.230008651588184,91.63267828451366,90.89420343591645,91.66357681374366
8201,10277,2.456553468911161,4.193830884499367,73.41636664396225,70.58480101196848,81.9597158703902
8202,15190,2.446543778801843,4.233048057932851,67.99868334430546,62.51481237656353,84.00921658986175
8203,14535,2.383212934296526,4.141726866185071,57.80529755761954,43.990368077055386,83.48813209494324
8204,2992,1.973596256684492,2.7740641711229945,48.69652406417112,41.9451871657754,72.25935828877004
8205,13235,2.3512655836796372,3.959199093313185,76.4563656970155,66.4450321118247,79.92444276539479
8206,9317,2.3559085542556617,4.035633787699903,73.37125684233122,52.516904583020285,81.9147794354406
8207,4896,2.084967320261438,4.7181372549019605,34.72222222222222,22.263071895424837,71.05800653594771
8301,93310,2.351741506805273,3.9717072125174147,67.12785339191942,59.37734433608403,82.20233629836031
8302,2672,1.6366017964071857,2.657185628742515,52.43263473053892,31.062874251497007,62.05089820359282
8303,13272,2.355033152501507,3.8276069921639544,66.83996383363471,59.80259192284508,83.98884870403857
8304,10091,2.3492220790803686,4.082846100485582,64.2850064413834,55.62382320879992,82.65781389356852
8305,11593,2.5046148537910806,5.020270853101009,69.39532476494436,65.57405330803071,84.87018028120417
8306,11089,2.3572910091081254,4.112183244656867,69.84398953918297,66.73279826855443,80.56632699071152
8307,4421,2.425469350825605,4.139334992083239,62.72336575435422,48.04342908844153,82.53788735580186
8308,2452,1.8107667210440457,3.181076672104405,49.95921696574225,43.882544861337685,67.82218597063621
8309,4502,2.154597956463794,3.7760995113282987,59.462461128387375,44.86894713460684,76.98800533096401
8310,1867,1.9148366363149438,2.7316550615961437,53.82967327262988,51.36582753079807,68.2913765399036
8311,6395,2.200938232994527,4.39405785770133,64.51915559030492,47.2243940578577,79.20250195465208
8312,7795,2.01783194355356,2.989095574085953,68.65939704939063,58.05003207184093,77.85760102629891
8313,14112,1.6418650793650793,2.5581065759637185,42.61621315192744,37.6062925170068,61.03316326530612
8314,2776,2.1671469740634004,8.861671469740633,28.061959654178676,19.128242074927954,62.53602305475504
9101,129228,2.263580648156746,3.7027579162410627,80.71934874794935,77.0823660507011,83.57012412170737
9102,11658,2.14076170869789,4.057299708354778,57.805798593240695,40.93326471092812,73.77766340710242
9103,10541,1.819277108433735,3.4342092780571107,51.655440660278906,35.87894886633147,66.89118679442178
9104,4432,1.7448104693140793,4.625451263537906,21.660649819494584,16.94494584837545,61.981046931407946
9105,12597,2.07700246090339,4.024767801857585,42.152893546082396,25.37905850599349,73.03326188775105
9106,5476,2.3210372534696857,5.788897005113221,33.29072315558802,34.82468955441929,76.13221329437546
9107,6702,2.11101163831692,3.3721277230677407,61.99641897940913,56.80393912264996,80.99074903014025
9108,18221,2.301520223917458,4.59360079029691,66.76362438944075,58.03194116678557,78.48087371713956
9109,12378,2.0324769752787204,3.9020843431895296,58.272741961544675,48.069154952334785,74.74551623848764
9110,3614,1.8804648588821251,4.122855561704482,47.09463198671832,30.90758162700609,69.12008854454898
9111,14842,2.289987872254413,5.039752054979113,67.22813636976149,43.188249562053635,78.3721870367875
9112,32157,2.5081941723419474,5.725036539478185,67.45343160120657,51.21435457287682,83.50592406008023
9113,3345,2.2236173393124066,4.633781763826607,61.614349775784746,47.294469357249625,77.96711509715995
9114,13114,2.0619948147018454,3.934726246759189,65.4338874485283,49.50434649992375,75.47658990391947
9115,28773,1.1233100476140827,2.2972926007020473,28.80130678066243,18.545163868904876,41.71271678309526
9116,6757,1.9057273938138226,4.632233239603374,40.19535296729318,22.066005623797544,64.08169305904987
9117,8008,1.952922077922078,4.4705294705294705,49.163336663336665,24.937562437562438,72.27772227772228
9118,4954,2.0268469923294306,4.198627371820751,47.21437222446508,28.623334679047236,73.98062171982237
9119,13928,2.2670160827110855,5.083285468121769,59.59936817920736,48.772257323377374,77.6852383687536
9120,43272,1.5653771491957849,3.3347199112590125,37.78424847476428,30.95535219079312,56.341283046773896
9121,5272,2.4975341426403643,6.0887708649468895,66.80576631259484,30.273141122913504,81.01289833080425
9201,22141,2.3947427848787317,4.110022130888398,79.37762522017977,77.23228399801275,84.45869653583848
9202,10504,2.3136900228484385,4.15079969535415,69.31645087585682,60.25323686214775,79.53160700685453
9203,9923,1.8679834727400988,3.738788672780409,55.24538949914341,49.128287816184624,69.32379320769928
9204,3784,2.042811839323467,6.316067653276955,45.32241014799154,40.063424947145876,66.56976744186046
9205,5662,1.809784528435182,5.84599081596609,33.256799717414346,34.82868244436595,62.16884493111975
9206,3373,2.1784761340053365,4.328490957604506,50.10376519418915,50.63741476430478,75.30388378298251
9207,4217,2.194213896134693,5.809817405738676,41.19041972966564,39.17476879298079,72.87170974626511
9208,5301,2.2984342576872288,4.697226938313525,63.8558762497642,57.47972080739483,81.66383701188455
9209,4519,2.3646824518698826,4.868333702146493,68.40008851515822,64.88161097587962,82.4297410931622
9210,8389,2.249731791631899,4.68470616283228,65.03754917153415,63.082608177375135,80.47443080224103
9211,14463,2.3829081103505496,5.296273248980157,66.0443891308857,67.51019843739196,83.26073428749223
10101,116425,2.3795576551427957,4.200128838307923,78.37749624221601,69.60618423878033,83.91410779471762
10102,15942,2.287918705306737,4.321916948939907,66.3279387780705,26.94141262075022,81.55187554886464
10103,3063,1.3708782239634345,1.7303297420829251,22.690173032974208,6.953966699314397,48.253346392425726
10104,6288,1.9592875318066159,3.4510178117048347,57.1882951653944,51.097328244274806,75.14312977099237
10105,10304,2.188858695652174,4.192546583850932,61.34510869565217,57.42430124223602,77.27096273291926
10106,8705,1.9715106260769673,3.4462952326249283,41.92992533026996,30.76392877656519,74.04939689833428
10107,6960,2.598850574712644,5.07183908045977,71.10632183908045,72.75862068965517,86.75287356321839
10108,7559,1.992723905278476,2.5532477840984256,57.89125545707105,41.31498875512634,76.27993120783172
10109,25219,2.0992902176930093,3.136524049327888,53.646060509932994,53.606407867084336,73.15516079146676
10201,21265,2.2100634845991065,3.74794262873266,70.46790500822948,55.969903597460615,82.68516341406065
10202,19900,2.0577386934673365,2.648241206030151,62.095477386934675,53.175879396984925,77.09045226130652
10203,8288,1.9399131274131274,3.6558880308880313,53.69208494208494,21.440637065637066,73.6969111969112
10204,1915,1.912271540469974,3.028720626631854,46.78851174934726,21.77545691906005,73.47258485639688
10205,7227,2.060882800608828,3.6668050366680505,55.458696554586965,33.9006503390065,75.89594575895946
10206,2093,1.934065934065934,2.9622551361681797,44.577161968466314,19.827998088867655,72.9574773053034
10207,3143,1.8103722558065543,2.927139675469297,41.29812281259942,30.194082087177854,68.40598154629335
10208,13515,2.1058083610802814,4.602293747687755,48.990011098779135,37.314095449500556,77.09211986681464
10209,4653,1.8072211476466795,2.3425746830002145,31.9578766387277,7.951859015688803,70.57812164195143
10210,4153,1.84878401155791,3.2506621719239104,53.76836022152661,34.408861064290875,71.15338309655671
10301,68924,2.415051360919273,4.407753467587487,82.40380709186931,79.5484881898903,88.7455748360513
10302,5294,1.674537211938043,3.5889686437476387,29.618435965243673,21.930487344163204,61.503588968643754
10303,8712,2.2431129476584024,4.040404040404041,63.211662075298435,58.64325068870524,80.4178145087236
10304,5987,1.9562385167863705,4.025388341406381,47.06864873893436,38.850843494237516,71.85568732253216
10305,6496,2.1357758620689653,3.8947044334975365,57.650862068965516,47.04433497536946,77.97105911330048
10306,6797,1.1440341327056054,2.3834044431366777,8.003530969545388,10.298661174047375,42.40105929086362
10307,5133,2.120202610559127,3.5262030001948177,44.76914085330216,41.61309175920515,79.62205338008962
10401,2562,1.5710382513661203,2.146760343481655,38.40749414519906,28.92271662763466,56.3231850117096
10402,1794,1.7068004459308808,3.121516164994426,47.21293199554069,42.36343366778149,66.5551839464883
10403,5218,1.8167880413951705,3.123802223073975,51.2265235722499,29.724032196243773,66.32809505557685
10404,1309,1.453781512605042,2.0626432391138274,42.16959511077158,35.59969442322384,60.27501909854851
11101,28073,2.0597371139529086,4.317315570120757,68.76001852313611,65.86399743525809,77.4338332205322
11102,724,1.0759668508287292,1.6574585635359116,39.364640883977906,21.96132596685083,42.40331491712707
11201,11105,2.086447546150383,3.628995947771274,74.34488968932914,64.943719045475,79.23457901846015
11202,3437,1.4946173988943847,2.7640384055862675,53.535059645039276,48.61798079720687,56.61914460285132
11203,816,1.9583333333333333,3.431372549019608,69.36274509803921,5.514705882352941,72.18137254901961
11301,2126,1.6265286923800564,3.80997177798683,55.126999059266225,52.587017873941676,60.25399811853246
11302,403,1.6054590570719602,3.722084367245657,59.05707196029777,55.08684863523573,59.553349875930515
11303,395,1.2784810126582278,2.7848101265822782,50.8860759493671,47.848101265822784,53.16455696202531
11401,3108,1.5781853281853282,2.541827541827542,59.65250965250966,47.2007722007722,64.63963963963964
11402,2242,1.2145405887600358,2.6761819803746656,41.43621766280107,39.42908117752007,47.5914362176628
12101,59334,2.2308120133481646,3.251087066437456,79.6946101729194,77.71429534499612,81.04628037887215
12102,290,0.9275862068965517,1.3793103448275863,14.13793103448276,25.517241379310345,14.827586206896552
12103,188,0.5425531914893617,0.0,1.5957446808510638,10.106382978723403,1.0638297872340425
12104,444,0.5427927927927928,0.22522522522522523,7.657657657657657,19.144144144144143,10.585585585585585
12201,780,2.2435897435897436,4.743589743589744,74.1025641025641,73.07692307692307,74.61538461538461
12202,4,15.0,0.0,0.0,0.0,0.0
12301,3551,1.9174880315404113,3.8017459870459027,68.149816952971,71.07856941706562,71.47282455646297
12302,414,1.041062801932367,0.7246376811594203,26.32850241545894,36.473429951690825,27.536231884057973
12303,214,0.7336448598130841,1.8691588785046727,7.476635514018691,10.74766355140187,2.803738317757009
12401,11251,2.1466536307883746,3.9552039818682787,77.79752910852369,74.56226113234379,81.06834948004622
12402,304,0.6677631578947368,0.9868421052631579,11.18421052631579,16.776315789473685,12.828947368421053
13101,241062,1.8205109059080236,8.147281612199352,82.75091055413131,79.18004496768467,82.63060955272917
13102,31728,2.6803139183055977,6.13023197175996,83.45940494200707,80.00504286434695,84.7989157841654
13103,40235,3.1626693177581706,9.57623959239468,95.52131229029453,91.35329936622344,95.404498570896
13104,38978,3.1193750320693723,8.240545948996871,94.68674636974703,90.6613987377495,94.61491097542203
13105,50573,3.0699582781326002,7.458525300061297,93.51037114665928,91.19095169359144,93.32845589543828
13106,76453,2.368108511111402,13.091703399474186,84.9188390252835,81.32578185290309,84.74749192314232
13107,31189,3.2642277726121387,5.96043476866844,94.22232197249029,92.84042450864087,94.77379845458334
13108,50466,2.317263107834978,12.063567550429992,86.67419648872509,82.35247493361867,86.58502754329648
13109,41697,2.473966952058901,5.667074369858742,88.1622179053649,86.59136148883613,87.9511715471137
13110,143924,2.6044023234484865,4.25502348461688,88.96153525471777,87.56843889830745,89.05602957116255
13111,36842,3.0406058303023724,7.830736659247598,96.06970305629444,91.71054774442212,95.90955974159925
13112,53379,3.2863298300829915,9.011034301879016,94.82380711515765,93.40939320706644,94.65520148372956
13113,31667,2.837970126630246,2.3115546152145767,93.4127009189377,92.33587014873528,93.43164808791487
13114,129083,2.2941363308878784,1.4169177970762998,88.19519224065137,88.02785804482387,88.0340556076323
13115,36425,3.0918325326012353,2.6273164035689773,85.08991077556624,83.39601921757036,86.47632120796156
13116,27488,3.175749417927823,8.636495925494762,90.8796565774156,88.04569266589057,90.71958672875436
13117,31111,2.934331908328244,8.437530134036193,95.78605637877277,90.63032367972743,95.64462730224037
13118,50777,2.438111743505918,4.358272446186265,89.93835791795497,88.84731275971404,89.78474506174055
13119,169599,2.9695634997847864,3.9162966762775726,94.94041828076817,93.99053060454365,95.29419395161528
13120,121593,1.9858626730157163,2.0395910948821068,87.12590362932076,86.977868791789,86.96882221838428
13121,31255,3.0734922412414014,7.745960646296593,94.85842265237562,91.56614941609342,94.76243800991841
13122,75730,3.122646243232537,5.938201505347947,94.80258814208372,91.98996434702231,95.5618645186848
13123,76650,1.8783300717547293,1.4337899543378996,87.69080234833659,87.42857142857143,87.5368558382257
13124,73844,3.0851524836141055,6.043822111478252,93.02312984128703,90.31742592492282,94.80255674123829
13125,67154,3.061976948506418,5.427822616672127,93.11433421687465,92.49039521100754,93.53277541174018
13126,46939,2.755725516095358,8.962696265365686,91.80425658833805,86.9554102132555,91.68069196190801
13127,56548,2.7342257904788854,10.642286199335079,91.85647591426752,83.11876635778454,91.71677159227559
13128,46640,3.0793739279588337,7.3906518010291595,93.81646655231562,91.08704974271012,93.68567753001716
13129,33947,2.8162135092938994,7.302559872742805,92.84178277903791,88.85321236044422,92.68860282204614
13130,65936,2.2875060664887163,5.464389711235137,88.64201650084931,87.77147537005581,88.49793739383645
13131,23863,3.1849306457696014,8.075262959393203,91.18300297531744,87.54138205590245,91.02795122155638
13132,34551,2.5012300656999797,1.0129952823362565,88.99887123382825,88.88599461665365,88.81653208300773
13201,191064,2.973275970355483,4.855441108738433,92.59881505673492,90.92241343214839,92.66685508520706
13202,10193,2.8509761601098793,4.522711664868047,70.70538604924948,14.264691454920042,85.7451191994506
13203,8032,2.1714392430278884,4.071215139442231,57.20866533864542,26.979581673306775,72.48505976095618
13301,54882,3.157556211508327,5.8161145730840715,82.55165628074779,75.75161255056302,90.15706424692978
13302,50344,2.8833624662323216,6.5509296043222625,73.2877800730971,61.8524551088511,87.87144446210074
13303,8236,2.3970373967945604,4.82030111704711,66.24575036425449,33.997085964060226,76.7969888295289
13401,102678,2.983803735951226,6.3353396053682385,91.76064979839887,87.84549757494302,92.1570346130622
13402,42526,2.750529088087288,4.710059728166298,81.9004844095377,70.72849550863002,85.56882848139962
13403,8406,3.0324768022840827,5.317630264097073,74.32786105162978,40.22127052105639,90.18558172733762
13404,30877,2.5529682287787026,5.421511157172005,71.26663859830941,38.82825404022412,79.80697606632768
13501,52376,2.6028142660760656,5.0519321826790895,79.3970520849244,58.013212158240414,85.65182526347945
13502,3318,2.3411693791440626,5.997588908981314,74.291742013261,42.616033755274266,79.77697408077155
13503,14237,2.469972606588467,4.418065603708646,63.8547446793566,53.60679918522161,80.18543232422562
13504,5881,2.6104404012922973,4.455024655670805,78.5240605339228,36.15031457235164,86.80496514198266
13505,5360,2.0723880597014928,5.317164179104478,37.70522388059702,17.87313432835821,71.26865671641791
13601,27580,2.7711747643219726,4.869470630891951,69.84771573604061,67.61783901377811,85.09064539521393
13602,13390,2.800373412994772,5.982076176250933,78.69305451829723,64.10007468259894,88.14040328603436
13603,14572,2.695168816909141,5.263519077683228,75.59703541037607,37.54460609387868,86.22701070546253
13604,28814,2.8195668772124662,5.070451863677379,84.55611855348096,79.56548899840355,87.36725203026306
13605,33115,2.8507322965423523,5.438622980522422,83.84417937490564,81.28642609089538,89.35829684433037
14101,73106,2.3259787158372776,3.4839821628867673,76.00744124969223,70.15566437775284,83.43227642054003
14102,3360,1.637202380952381,3.5416666666666665,47.79761904761905,17.946428571428573,59.31547619047619
14103,7784,2.1680369989722506,3.404419321685509,61.33093525179856,50.46248715313464,80.17728674203495
14104,9574,2.238458324629204,3.8959682473365365,53.749738876122834,31.512429496553164,80.14414038019636
14105,3441,2.3464109270560884,3.3129904097646032,54.460912525428654,43.708224353385646,83.28974135425749
14106,10274,2.2360327039127896,4.525987930698851,63.052365193692815,43.55655051586529,77.40899357601712
14107,8447,2.344264235823369,4.463123002249319,61.77341067834734,50.964839588019416,84.46785841127027
14108,20024,1.7527966440271674,3.950259688373951,42.833599680383536,22.982421094686377,63.798441869756296
14201,17181,2.2645364064955475,4.184855363482917,66.73651126244107,52.383446830801475,82.87061288632792
14202,7932,1.9711296016137165,4.097327281896117,56.84568835098336,33.16944024205749,69.03681290973273
14203,6248,1.6848591549295775,3.873239436619718,32.122279129321385,14.740717029449424,62.61203585147247
14204,16369,2.0381819292565213,3.995357077402407,61.530942635469486,46.35591667175759,77.21302461970798
15101,86173,2.804277441890151,6.821162080930223,79.44715862277047,73.90249846239541,82.68947350098058
15102,1035,0.8318840579710145,3.5748792270531404,18.743961352657003,1.0628019323671498,16.714975845410628
15201,1853,0.8348623853211009,4.425256341068538,21.316783594171614,15.704263356718833,24.015110631408525
15202,624,0.8141025641025641,9.294871794871796,8.333333333333332,2.564102564102564,3.5256410256410255
16101,81247,2.3432495969081937,3.4684357576279736,78.66998166086132,73.86980442354795,84.01787142909892
16102,10531,2.2659766403950243,3.9407463678663,63.53622637926123,48.25752540119647,81.03693856233976
16103,13043,2.506171892969409,4.109484014413862,77.08349306141226,73.22701832400521,87.31886835850648
16104,6212,2.122665808113329,2.6239536381197683,43.705730843528656,31.69671603348358,78.33226014166131
16105,4204,2.1241674595623214,3.924833491912464,56.35109419600381,40.96098953377735,73.78686964795433
16106,7664,1.6312630480167014,3.1315240083507305,39.117954070981206,21.189979123173277,60.73851774530271
16107,13493,1.4203661157637293,2.564292596160972,33.083821240643296,26.198769732453865,54.21329578299859
16108,7990,2.1783479349186483,3.7672090112640797,53.979974968710884,30.37546933667084,80.4755944931164
16109,10342,1.8062270353896732,2.591374975826726,55.29878166698897,39.20905047379617,68.50705859601625
16201,5630,2.086323268206039,3.5879218472468914,63.48134991119005,57.65541740674956,80.05328596802842
16202,3898,1.4096972806567472,2.2575679835813234,31.862493586454594,19.163673678809644,56.849666495638786
16203,7089,2.2422062350119902,4.104951333051206,54.52108901114403,43.800253914515444,77.17590633375653
16204,2908,1.9817744154057773,2.3039889958734525,24.20907840440165,25.103163686382395,76.7193947730399
16205,2700,1.927037037037037,2.7037037037037037,55.333333333333336,28.962962962962962,73.29629629629629
16206,3563,1.8265506595565535,2.638226213864721,47.010945832163905,16.671344372719616,71.34437271961829
16207,3053,2.005895840157222,2.718637405830331,44.41532918440878,35.83360628889617,74.48411398624305
16301,23913,2.335424246225902,4.085643792079622,74.36540793710535,52.63245933174424,84.3641533893698
16302,12134,2.4531069721443877,4.244272292731169,66.22713037745179,28.094610186253504,83.83055876050767
16303,6008,2.129993342210386,4.077896138482024,65.14647137150466,16.46138482023968,78.64513981358189
16304,3137,1.6719795983423653,3.0602486452024227,58.33598979917119,2.0082881734140896,62.6075868664329
16305,6329,2.385684942328962,4.471480486648759,65.58698056565018,24.016432295781325,81.68747037446674
