categoria,archivo,anio,fila_excel,cantidad_valores_no_nulos,primeros_valores
Ingresos Educación,ingresos_educacion(2015).xlsx,2015,1,0,
Ingresos Educación,ingresos_educacion(2015).xlsx,2015,2,0,
Ingresos Educación,ingresos_educacion(2015).xlsx,2015,3,1,AÑO 2015
Ingresos Educación,ingresos_educacion(2015).xlsx,2015,4,162,INFORME DE INGRESOS (EDUCACION) | EEE.03.00.000.000.000 | EEE.03.01.000.000.000 | EEE.03.01.001.000.000 | EEE.03.01.001.001.000 | EEE.03.01.001.002.000 | EEE.03.01.002.000.000 | EEE.03.01.002.001.000 | EEE.03.01.002.002.000 | EEE.03.01.002.003.000 | EEE.03.01.003.000.000 | EEE.03.01.003.001.000
Ingresos Educación,ingresos_educacion(2015).xlsx,2015,5,166,Código | Comuna | Sector | Trimestre | TRIBUTOS SOBRE EL USO DE BS. Y LA REALIZACION DE ACTIVIDADES | PATENTES Y TASAS POR DERECHOS | Patentes Municipales | De Beneficio Municipal | De Beneficio Fondo Común Municipal | Derechos de Aseo | En Impuesto Territorial | En Patentes Municipales
Ingresos Educación,ingresos_educacion(2015).xlsx,2015,6,1,Región de TARAPACA
Ingresos Educación,ingresos_educacion(2015).xlsx,2015,7,166,1403 | COLCHANE | EDUCACION | 4 | 0 | 0 | 0 | 0 | 0 | 0 | 0 | 0
Ingresos Educación,ingresos_educacion(2015).xlsx,2015,8,166,1107 | ALTO HOSPICIO | EDUCACION | 4 | 0 | 0 | 0 | 0 | 0 | 0 | 0 | 0
Ingresos Educación,ingresos_educacion(2016).xlsx,2016,1,0,
Ingresos Educación,ingresos_educacion(2016).xlsx,2016,2,0,
Ingresos Educación,ingresos_educacion(2016).xlsx,2016,3,1,AÑO 2016
Ingresos Educación,ingresos_educacion(2016).xlsx,2016,4,162,INFORME DE INGRESOS (EDUCACION) | EEE.03.00.000.000.000 | EEE.03.01.000.000.000 | EEE.03.01.001.000.000 | EEE.03.01.001.001.000 | EEE.03.01.001.002.000 | EEE.03.01.002.000.000 | EEE.03.01.002.001.000 | EEE.03.01.002.002.000 | EEE.03.01.002.003.000 | EEE.03.01.003.000.000 | EEE.03.01.003.001.000
Ingresos Educación,ingresos_educacion(2016).xlsx,2016,5,166,Código | Comuna | Sector | Trimestre | TRIBUTOS SOBRE EL USO DE BS. Y LA REALIZACION DE ACTIVIDADES | PATENTES Y TASAS POR DERECHOS | Patentes Municipales | De Beneficio Municipal | De Beneficio Fondo Común Municipal | Derechos de Aseo | En Impuesto Territorial | En Patentes Municipales
Ingresos Educación,ingresos_educacion(2016).xlsx,2016,6,1,Región de TARAPACA
Ingresos Educación,ingresos_educacion(2016).xlsx,2016,7,166,1403 | COLCHANE | EDUCACION | 4 | 0 | 0 | 0 | 0 | 0 | 0 | 0 | 0
Ingresos Educación,ingresos_educacion(2016).xlsx,2016,8,166,1107 | ALTO HOSPICIO | EDUCACION | 4 | 0 | 0 | 0 | 0 | 0 | 0 | 0 | 0
Ingresos Educación,ingresos_educacion(2017).xlsx,2017,1,0,
Ingresos Educación,ingresos_educacion(2017).xlsx,2017,2,0,
Ingresos Educación,ingresos_educacion(2017).xlsx,2017,3,1,AÑO 2017
Ingresos Educación,ingresos_educacion(2017).xlsx,2017,4,162,INFORME DE INGRESOS (EDUCACION) | EEE.03.00.000.000.000 | EEE.03.01.000.000.000 | EEE.03.01.001.000.000 | EEE.03.01.001.001.000 | EEE.03.01.001.002.000 | EEE.03.01.002.000.000 | EEE.03.01.002.001.000 | EEE.03.01.002.002.000 | EEE.03.01.002.003.000 | EEE.03.01.003.000.000 | EEE.03.01.003.001.000
Ingresos Educación,ingresos_educacion(2017).xlsx,2017,5,166,Código | Comuna | Sector | Trimestre | TRIBUTOS SOBRE EL USO DE BS. Y LA REALIZACION DE ACTIVIDADES | PATENTES Y TASAS POR DERECHOS | Patentes Municipales | De Beneficio Municipal | De Beneficio Fondo Común Municipal | Derechos de Aseo | En Impuesto Territorial | En Patentes Municipales
Ingresos Educación,ingresos_educacion(2017).xlsx,2017,6,1,Región de TARAPACA
Ingresos Educación,ingresos_educacion(2017).xlsx,2017,7,166,1403 | COLCHANE | EDUCACION | 4 | 0 | 0 | 0 | 0 | 0 | 0 | 0 | 0
Ingresos Educación,ingresos_educacion(2017).xlsx,2017,8,166,1107 | ALTO HOSPICIO | EDUCACION | 4 | 0 | 0 | 0 | 0 | 0 | 0 | 0 | 0
Ingresos Educación,ingresos_educacion(2018).xlsx,2018,1,0,
Ingresos Educación,ingresos_educacion(2018).xlsx,2018,2,0,
Ingresos Educación,ingresos_educacion(2018).xlsx,2018,3,1,AÑO 2018
Ingresos Educación,ingresos_educacion(2018).xlsx,2018,4,162,INFORME DE INGRESOS (EDUCACION) | EEE.03.00.000.000.000 | EEE.03.01.000.000.000 | EEE.03.01.001.000.000 | EEE.03.01.001.001.000 | EEE.03.01.001.002.000 | EEE.03.01.002.000.000 | EEE.03.01.002.001.000 | EEE.03.01.002.002.000 | EEE.03.01.002.003.000 | EEE.03.01.003.000.000 | EEE.03.01.003.001.000
Ingresos Educación,ingresos_educacion(2018).xlsx,2018,5,166,Código | Comuna | Sector | Trimestre | TRIBUTOS SOBRE EL USO DE BS. Y LA REALIZACION DE ACTIVIDADES | PATENTES Y TASAS POR DERECHOS | Patentes Municipales | De Beneficio Municipal | De Beneficio Fondo Común Municipal | Derechos de Aseo | En Impuesto Territorial | En Patentes Municipales
Ingresos Educación,ingresos_educacion(2018).xlsx,2018,6,1,Región de TARAPACÁ
Ingresos Educación,ingresos_educacion(2018).xlsx,2018,7,166,1403 | COLCHANE | EDUCACION | 4 | 0 | 0 | 0 | 0 | 0 | 0 | 0 | 0
Ingresos Educación,ingresos_educacion(2018).xlsx,2018,8,166,1107 | ALTO HOSPICIO | EDUCACION | 4 | 0 | 0 | 0 | 0 | 0 | 0 | 0 | 0
Ingresos Educación,ingresos_educacion(2019).xlsx,2019,1,0,
Ingresos Educación,ingresos_educacion(2019).xlsx,2019,2,0,
Ingresos Educación,ingresos_educacion(2019).xlsx,2019,3,1,AÑO 2019
Ingresos Educación,ingresos_educacion(2019).xlsx,2019,4,173,INFORME DE INGRESOS (EDUCACION) | EEE.03.00.000.000.000 | EEE.03.01.000.000.000 | EEE.03.01.001.000.000 | EEE.03.01.001.001.000 | EEE.03.01.001.002.000 | EEE.03.01.002.000.000 | EEE.03.01.002.001.000 | EEE.03.01.002.002.000 | EEE.03.01.002.003.000 | EEE.03.01.003.000.000 | EEE.03.01.003.001.000
Ingresos Educación,ingresos_educacion(2019).xlsx,2019,5,177,Código | Comuna | Sector | Trimestre | CXC TRIBUTOS SOBRE EL USO DE BS. Y LA REALIZACION DE ACTIVIDADES | PATENTES Y TASAS POR DERECHOS | Patentes Municipales | De Beneficio Municipal | De Beneficio Fondo Común Municipal | Derechos de Aseo | En Impuesto Territorial | En Patentes Municipales
Ingresos Educación,ingresos_educacion(2019).xlsx,2019,6,1,Región de TARAPACÁ
Ingresos Educación,ingresos_educacion(2019).xlsx,2019,7,177,1403 | COLCHANE | EDUCACION | 4 | 0 | 0 | 0 | 0 | 0 | 0 | 0 | 0
Ingresos Educación,ingresos_educacion(2019).xlsx,2019,8,177,1107 | ALTO HOSPICIO | EDUCACION | 4 | 0 | 0 | 0 | 0 | 0 | 0 | 0 | 0
Ingresos Educación,ingresos_educacion(2020).xlsx,2020,1,0,
Ingresos Educación,ingresos_educacion(2020).xlsx,2020,2,0,
Ingresos Educación,ingresos_educacion(2020).xlsx,2020,3,1,AÑO 2020
Ingresos Educación,ingresos_educacion(2020).xlsx,2020,4,173,INFORME DE INGRESOS (EDUCACION) | EEE.03.00.000.000.000 | EEE.03.01.000.000.000 | EEE.03.01.001.000.000 | EEE.03.01.001.001.000 | EEE.03.01.001.002.000 | EEE.03.01.002.000.000 | EEE.03.01.002.001.000 | EEE.03.01.002.002.000 | EEE.03.01.002.003.000 | EEE.03.01.003.000.000 | EEE.03.01.003.001.000
Ingresos Educación,ingresos_educacion(2020).xlsx,2020,5,177,Código | Comuna | Sector | Trimestre | CXC TRIBUTOS SOBRE EL USO DE BS. Y LA REALIZACION DE ACTIVIDADES | PATENTES Y TASAS POR DERECHOS | Patentes Municipales | De Beneficio Municipal | De Beneficio Fondo Común Municipal | Derechos de Aseo | En Impuesto Territorial | En Patentes Municipales
Ingresos Educación,ingresos_educacion(2020).xlsx,2020,6,1,Región de TARAPACÁ
Ingresos Educación,ingresos_educacion(2020).xlsx,2020,7,177,1403 | COLCHANE | EDUCACION | 4 | 0 | 0 | 0 | 0 | 0 | 0 | 0 | 0
Ingresos Educación,ingresos_educacion(2020).xlsx,2020,8,177,1107 | ALTO HOSPICIO | EDUCACION | 4 | 0 | 0 | 0 | 0 | 0 | 0 | 0 | 0
Ingresos Educación,ingresos_educacion(2021).xlsx,2021,1,0,
Ingresos Educación,ingresos_educacion(2021).xlsx,2021,2,0,
Ingresos Educación,ingresos_educacion(2021).xlsx,2021,3,1,AÑO 2021
Ingresos Educación,ingresos_educacion(2021).xlsx,2021,4,173,INFORME DE INGRESOS (EDUCACION) | EEE.03.00.000.000.000 | EEE.03.01.000.000.000 | EEE.03.01.001.000.000 | EEE.03.01.001.001.000 | EEE.03.01.001.002.000 | EEE.03.01.002.000.000 | EEE.03.01.002.001.000 | EEE.03.01.002.002.000 | EEE.03.01.002.003.000 | EEE.03.01.003.000.000 | EEE.03.01.003.001.000
Ingresos Educación,ingresos_educacion(2021).xlsx,2021,5,177,Código | Comuna | Sector | Trimestre | CXC TRIBUTOS SOBRE EL USO DE BS. Y LA REALIZACION DE ACTIVIDADES | PATENTES Y TASAS POR DERECHOS | Patentes Municipales | De Beneficio Municipal | De Beneficio Fondo Común Municipal | Derechos de Aseo | En Impuesto Territorial | En Patentes Municipales
Ingresos Educación,ingresos_educacion(2021).xlsx,2021,6,1,Región de TARAPACÁ
Ingresos Educación,ingresos_educacion(2021).xlsx,2021,7,177,1403 | COLCHANE | EDUCACION | 4 | 0 | 0 | 0 | 0 | 0 | 0 | 0 | 0
Ingresos Educación,ingresos_educacion(2021).xlsx,2021,8,177,1107 | ALTO HOSPICIO | EDUCACION | 4 | 0 | 0 | 0 | 0 | 0 | 0 | 0 | 0
Ingresos Educación,INGRESOS_EDUCACION_2024.xlsx,2024,1,0,
Ingresos Educación,INGRESOS_EDUCACION_2024.xlsx,2024,2,0,
Ingresos Educación,INGRESOS_EDUCACION_2024.xlsx,2024,3,1,AÑO 2024
Ingresos Educación,INGRESOS_EDUCACION_2024.xlsx,2024,4,183,INFORME DE INGRESOS (EDUCACION) | EEE.03.00.000.000.000 | EEE.03.01.000.000.000 | EEE.03.01.001.000.000 | EEE.03.01.001.001.000 | EEE.03.01.001.002.000 | EEE.03.01.002.000.000 | EEE.03.01.002.001.000 | EEE.03.01.002.002.000 | EEE.03.01.002.003.000 | EEE.03.01.003.000.000 | EEE.03.01.003.001.000
Ingresos Educación,INGRESOS_EDUCACION_2024.xlsx,2024,5,187,Código | Comuna | Sector | Trimestre | CXC TRIBUTOS SOBRE EL USO DE BS. Y LA REALIZACION DE ACTIVIDADES | PATENTES Y TASAS POR DERECHOS | Patentes Municipales | De Beneficio Municipal | De Beneficio Fondo Común Municipal | Derechos de Aseo | En Impuesto Territorial | En Patentes Municipales
Ingresos Educación,INGRESOS_EDUCACION_2024.xlsx,2024,6,1,Región de TARAPACÁ
Ingresos Educación,INGRESOS_EDUCACION_2024.xlsx,2024,7,187,1403 | COLCHANE | EDUCACION | 4 | 0 | 0 | 0 | 0 | 0 | 0 | 0 | 0
Ingresos Educación,INGRESOS_EDUCACION_2024.xlsx,2024,8,187,1107 | ALTO HOSPICIO | EDUCACION | 4 | 0 | 0 | 0 | 0 | 0 | 0 | 0 | 0
Ingresos Educación,INGRESOS_EDUCACION_2025.xlsx,2025,1,0,
Ingresos Educación,INGRESOS_EDUCACION_2025.xlsx,2025,2,0,
Ingresos Educación,INGRESOS_EDUCACION_2025.xlsx,2025,3,1,AÑO 2025
Ingresos Educación,INGRESOS_EDUCACION_2025.xlsx,2025,4,183,INFORME DE INGRESOS (EDUCACION) | EEE.03.00.000.000.000 | EEE.03.01.000.000.000 | EEE.03.01.001.000.000 | EEE.03.01.001.001.000 | EEE.03.01.001.002.000 | EEE.03.01.002.000.000 | EEE.03.01.002.001.000 | EEE.03.01.002.002.000 | EEE.03.01.002.003.000 | EEE.03.01.003.000.000 | EEE.03.01.003.001.000
Ingresos Educación,INGRESOS_EDUCACION_2025.xlsx,2025,5,187,Código | Comuna | Sector | Trimestre | CXC TRIBUTOS SOBRE EL USO DE BS. Y LA REALIZACION DE ACTIVIDADES | PATENTES Y TASAS POR DERECHOS | Patentes Municipales | De Beneficio Municipal | De Beneficio Fondo Común Municipal | Derechos de Aseo | En Impuesto Territorial | En Patentes Municipales
Ingresos Educación,INGRESOS_EDUCACION_2025.xlsx,2025,6,1,Región de TARAPACÁ
Ingresos Educación,INGRESOS_EDUCACION_2025.xlsx,2025,7,187,1403 | COLCHANE | EDUCACION | 4 | 0 | 0 | 0 | 0 | 0 | 0 | 0 | 0
Ingresos Educación,INGRESOS_EDUCACION_2025.xlsx,2025,8,187,1107 | ALTO HOSPICIO | EDUCACION | 4 | 0 | 0 | 0 | 0 | 0 | 0 | 0 | 0
Ingresos Educación,Ingresos_Percibidos_Educacion_4trim_2022.xlsx,2022,1,0,
Ingresos Educación,Ingresos_Percibidos_Educacion_4trim_2022.xlsx,2022,2,0,
Ingresos Educación,Ingresos_Percibidos_Educacion_4trim_2022.xlsx,2022,3,1,AÑO 2022
Ingresos Educación,Ingresos_Percibidos_Educacion_4trim_2022.xlsx,2022,4,173,INFORME DE INGRESOS (EDUCACION) | EEE.03.00.000.000.000 | EEE.03.01.000.000.000 | EEE.03.01.001.000.000 | EEE.03.01.001.001.000 | EEE.03.01.001.002.000 | EEE.03.01.002.000.000 | EEE.03.01.002.001.000 | EEE.03.01.002.002.000 | EEE.03.01.002.003.000 | EEE.03.01.003.000.000 | EEE.03.01.003.001.000
Ingresos Educación,Ingresos_Percibidos_Educacion_4trim_2022.xlsx,2022,5,177,Código | Comuna | Sector | Trimestre | CXC TRIBUTOS SOBRE EL USO DE BS. Y LA REALIZACION DE ACTIVIDADES | PATENTES Y TASAS POR DERECHOS | Patentes Municipales | De Beneficio Municipal | De Beneficio Fondo Común Municipal | Derechos de Aseo | En Impuesto Territorial | En Patentes Municipales
Ingresos Educación,Ingresos_Percibidos_Educacion_4trim_2022.xlsx,2022,6,1,Región de TARAPACÁ
Ingresos Educación,Ingresos_Percibidos_Educacion_4trim_2022.xlsx,2022,7,177,1403 | COLCHANE | EDUCACION | 4 | 0 | 0 | 0 | 0 | 0 | 0 | 0 | 0
Ingresos Educación,Ingresos_Percibidos_Educacion_4trim_2022.xlsx,2022,8,177,1107 | ALTO HOSPICIO | EDUCACION | 4 | 0 | 0 | 0 | 0 | 0 | 0 | 0 | 0
Ingresos Educación,Ingresos_Percibidos_Educacion_4trim_2023.xlsx,2023,1,0,
Ingresos Educación,Ingresos_Percibidos_Educacion_4trim_2023.xlsx,2023,2,0,
Ingresos Educación,Ingresos_Percibidos_Educacion_4trim_2023.xlsx,2023,3,1,AÑO 2023
Ingresos Educación,Ingresos_Percibidos_Educacion_4trim_2023.xlsx,2023,4,180,INFORME DE INGRESOS (EDUCACION) | EEE.03.00.000.000.000 | EEE.03.01.000.000.000 | EEE.03.01.001.000.000 | EEE.03.01.001.001.000 | EEE.03.01.001.002.000 | EEE.03.01.002.000.000 | EEE.03.01.002.001.000 | EEE.03.01.002.002.000 | EEE.03.01.002.003.000 | EEE.03.01.003.000.000 | EEE.03.01.003.001.000
Ingresos Educación,Ingresos_Percibidos_Educacion_4trim_2023.xlsx,2023,5,184,Código | Comuna | Sector | Trimestre | CXC TRIBUTOS SOBRE EL USO DE BS. Y LA REALIZACION DE ACTIVIDADES | PATENTES Y TASAS POR DERECHOS | Patentes Municipales | De Beneficio Municipal | De Beneficio Fondo Común Municipal | Derechos de Aseo | En Impuesto Territorial | En Patentes Municipales
Ingresos Educación,Ingresos_Percibidos_Educacion_4trim_2023.xlsx,2023,6,1,Región de TARAPACÁ
Ingresos Educación,Ingresos_Percibidos_Educacion_4trim_2023.xlsx,2023,7,184,1403 | COLCHANE | EDUCACION | 4 | 0 | 0 | 0 | 0 | 0 | 0 | 0 | 0
Ingresos Educación,Ingresos_Percibidos_Educacion_4trim_2023.xlsx,2023,8,184,1107 | ALTO HOSPICIO | EDUCACION | 4 | 0 | 0 | 0 | 0 | 0 | 0 | 0 | 0
Ingresos Municipales,ingresos_municipales(2015).xlsx,2015,1,0,
Ingresos Municipales,ingresos_municipales(2015).xlsx,2015,2,0,
Ingresos Municipales,ingresos_municipales(2015).xlsx,2015,3,1,AÑO 2015
Ingresos Municipales,ingresos_municipales(2015).xlsx,2015,4,162,INFORME DE INGRESOS (MUNICIPALES) | 115.03.00.000.000.000 | 115.03.01.000.000.000 | 115.03.01.001.000.000 | 115.03.01.001.001.000 | 115.03.01.001.002.000 | 115.03.01.002.000.000 | 115.03.01.002.001.000 | 115.03.01.002.002.000 | 115.03.01.002.003.000 | 115.03.01.003.000.000 | 115.03.01.003.001.000
Ingresos Municipales,ingresos_municipales(2015).xlsx,2015,5,166,Código | Comuna | Sector | Trimestre | TRIBUTOS SOBRE EL USO DE BS. Y LA REALIZACION DE ACTIVIDADES | PATENTES Y TASAS POR DERECHOS | Patentes Municipales | De Beneficio Municipal | De Beneficio Fondo Común Municipal | Derechos de Aseo | En Impuesto Territorial | En Patentes Municipales
Ingresos Municipales,ingresos_municipales(2015).xlsx,2015,6,1,Región de TARAPACA
Ingresos Municipales,ingresos_municipales(2015).xlsx,2015,7,166,1403 | COLCHANE | MUNICIPAL | 4 | 71513 | 3891 | 0 | 0 | 0 | 749 | 749 | 0
Ingresos Municipales,ingresos_municipales(2015).xlsx,2015,8,166,1107 | ALTO HOSPICIO | MUNICIPAL | 4 | 3516519 | 1913329 | 748081 | 748081 | 0 | 124979 | 33540 | 88013
Ingresos Municipales,ingresos_municipales(2016).xlsx,2016,1,0,
Ingresos Municipales,ingresos_municipales(2016).xlsx,2016,2,0,
Ingresos Municipales,ingresos_municipales(2016).xlsx,2016,3,1,AÑO 2016
Ingresos Municipales,ingresos_municipales(2016).xlsx,2016,4,162,INFORME DE INGRESOS (MUNICIPALES) | 115.03.00.000.000.000 | 115.03.01.000.000.000 | 115.03.01.001.000.000 | 115.03.01.001.001.000 | 115.03.01.001.002.000 | 115.03.01.002.000.000 | 115.03.01.002.001.000 | 115.03.01.002.002.000 | 115.03.01.002.003.000 | 115.03.01.003.000.000 | 115.03.01.003.001.000
Ingresos Municipales,ingresos_municipales(2016).xlsx,2016,5,166,Código | Comuna | Sector | Trimestre | TRIBUTOS SOBRE EL USO DE BS. Y LA REALIZACION DE ACTIVIDADES | PATENTES Y TASAS POR DERECHOS | Patentes Municipales | De Beneficio Municipal | De Beneficio Fondo Común Municipal | Derechos de Aseo | En Impuesto Territorial | En Patentes Municipales
Ingresos Municipales,ingresos_municipales(2016).xlsx,2016,6,1,Región de TARAPACA
Ingresos Municipales,ingresos_municipales(2016).xlsx,2016,7,166,1403 | COLCHANE | MUNICIPAL | 4 | 180177 | 92037 | 0 | 0 | 0 | 71225 | 0 | 71225
Ingresos Municipales,ingresos_municipales(2016).xlsx,2016,8,166,1107 | ALTO HOSPICIO | MUNICIPAL | 4 | 3739352 | 1948098 | 838747 | 838747 | 0 | 138733 | 37259 | 98500
Ingresos Municipales,ingresos_municipales(2017).xlsx,2017,1,0,
Ingresos Municipales,ingresos_municipales(2017).xlsx,2017,2,0,
Ingresos Municipales,ingresos_municipales(2017).xlsx,2017,3,1,AÑO 2017
Ingresos Municipales,ingresos_municipales(2017).xlsx,2017,4,162,INFORME DE INGRESOS (MUNICIPALES) | 115.03.00.000.000.000 | 115.03.01.000.000.000 | 115.03.01.001.000.000 | 115.03.01.001.001.000 | 115.03.01.001.002.000 | 115.03.01.002.000.000 | 115.03.01.002.001.000 | 115.03.01.002.002.000 | 115.03.01.002.003.000 | 115.03.01.003.000.000 | 115.03.01.003.001.000
Ingresos Municipales,ingresos_municipales(2017).xlsx,2017,5,166,Código | Comuna | Sector | Trimestre | TRIBUTOS SOBRE EL USO DE BS. Y LA REALIZACION DE ACTIVIDADES | PATENTES Y TASAS POR DERECHOS | Patentes Municipales | De Beneficio Municipal | De Beneficio Fondo Común Municipal | Derechos de Aseo | En Impuesto Territorial | En Patentes Municipales
Ingresos Municipales,ingresos_municipales(2017).xlsx,2017,6,1,Región de TARAPACA
Ingresos Municipales,ingresos_municipales(2017).xlsx,2017,7,166,1403 | COLCHANE | MUNICIPAL | 4 | 82364 | 13754 | 362 | 362 | 0 | 136 | 0 | 136
Ingresos Municipales,ingresos_municipales(2017).xlsx,2017,8,166,1107 | ALTO HOSPICIO | MUNICIPAL | 4 | 3927932 | 1911021 | 875394 | 875394 | 0 | 138732 | 31720 | 104417
Ingresos Municipales,ingresos_municipales(2018).xlsx,2018,1,0,
Ingresos Municipales,ingresos_municipales(2018).xlsx,2018,2,0,
Ingresos Municipales,ingresos_municipales(2018).xlsx,2018,3,1,AÑO 2018
Ingresos Municipales,ingresos_municipales(2018).xlsx,2018,4,162,INFORME DE INGRESOS (MUNICIPALES) | 115.03.00.000.000.000 | 115.03.01.000.000.000 | 115.03.01.001.000.000 | 115.03.01.001.001.000 | 115.03.01.001.002.000 | 115.03.01.002.000.000 | 115.03.01.002.001.000 | 115.03.01.002.002.000 | 115.03.01.002.003.000 | 115.03.01.003.000.000 | 115.03.01.003.001.000
Ingresos Municipales,ingresos_municipales(2018).xlsx,2018,5,166,Código | Comuna | Sector | Trimestre | TRIBUTOS SOBRE EL USO DE BS. Y LA REALIZACION DE ACTIVIDADES | PATENTES Y TASAS POR DERECHOS | Patentes Municipales | De Beneficio Municipal | De Beneficio Fondo Común Municipal | Derechos de Aseo | En Impuesto Territorial | En Patentes Municipales
Ingresos Municipales,ingresos_municipales(2018).xlsx,2018,6,1,Región de TARAPACÁ
Ingresos Municipales,ingresos_municipales(2018).xlsx,2018,7,166,1403 | COLCHANE | MUNICIPAL | 4 | 100988 | 26389 | 1195 | 1195 | 0 | 0 | 0 | 0
Ingresos Municipales,ingresos_municipales(2018).xlsx,2018,8,166,1107 | ALTO HOSPICIO | MUNICIPAL | 4 | 4207845 | 1948105 | 900987 | 900987 | 0 | 144837 | 28152 | 113823
Ingresos Municipales,ingresos_municipales(2019).xlsx,2019,1,0,
Ingresos Municipales,ingresos_municipales(2019).xlsx,2019,2,0,
Ingresos Municipales,ingresos_municipales(2019).xlsx,2019,3,1,AÑO 2019
Ingresos Municipales,ingresos_municipales(2019).xlsx,2019,4,173,INFORME DE INGRESOS (MUNICIPALES) | 115.03.00.000.000.000 | 115.03.01.000.000.000 | 115.03.01.001.000.000 | 115.03.01.001.001.000 | 115.03.01.001.002.000 | 115.03.01.002.000.000 | 115.03.01.002.001.000 | 115.03.01.002.002.000 | 115.03.01.002.003.000 | 115.03.01.003.000.000 | 115.03.01.003.001.000
Ingresos Municipales,ingresos_municipales(2019).xlsx,2019,5,177,Código | Comuna | Sector | Trimestre | CXC TRIBUTOS SOBRE EL USO DE BS. Y LA REALIZACION DE ACTIVIDADES | PATENTES Y TASAS POR DERECHOS | Patentes Municipales | De Beneficio Municipal | De Beneficio Fondo Común Municipal | Derechos de Aseo | En Impuesto Territorial | En Patentes Municipales
Ingresos Municipales,ingresos_municipales(2019).xlsx,2019,6,1,Región de TARAPACÁ
Ingresos Municipales,ingresos_municipales(2019).xlsx,2019,7,177,1403 | COLCHANE | MUNICIPAL | 4 | 118692 | 26406 | 513 | 513 | 0 | 0 | 0 | 0
Ingresos Municipales,ingresos_municipales(2019).xlsx,2019,8,177,1107 | ALTO HOSPICIO | MUNICIPAL | 4 | 4276406 | 1937747 | 871971 | 871971 | 0 | 149496 | 29813 | 116528
Ingresos Municipales,ingresos_municipales(2020).xlsx,2020,1,0,
Ingresos Municipales,ingresos_municipales(2020).xlsx,2020,2,0,
Ingresos Municipales,ingresos_municipales(2020).xlsx,2020,3,1,AÑO 2020
Ingresos Municipales,ingresos_municipales(2020).xlsx,2020,4,173,INFORME DE INGRESOS (MUNICIPALES) | 115.03.00.000.000.000 | 115.03.01.000.000.000 | 115.03.01.001.000.000 | 115.03.01.001.001.000 | 115.03.01.001.002.000 | 115.03.01.002.000.000 | 115.03.01.002.001.000 | 115.03.01.002.002.000 | 115.03.01.002.003.000 | 115.03.01.003.000.000 | 115.03.01.003.001.000
Ingresos Municipales,ingresos_municipales(2020).xlsx,2020,5,177,Código | Comuna | Sector | Trimestre | CXC TRIBUTOS SOBRE EL USO DE BS. Y LA REALIZACION DE ACTIVIDADES | PATENTES Y TASAS POR DERECHOS | Patentes Municipales | De Beneficio Municipal | De Beneficio Fondo Común Municipal | Derechos de Aseo | En Impuesto Territorial | En Patentes Municipales
Ingresos Municipales,ingresos_municipales(2020).xlsx,2020,6,1,Región de TARAPACÁ
Ingresos Municipales,ingresos_municipales(2020).xlsx,2020,7,177,1403 | COLCHANE | MUNICIPAL | 4 | 197503 | 17523 | 1043 | 1043 | 0 | 0 | 0 | 0
Ingresos Municipales,ingresos_municipales(2020).xlsx,2020,8,177,1107 | ALTO HOSPICIO | MUNICIPAL | 4 | 4103425 | 2000366 | 903218 | 903218 | 0 | 141542 | 29759 | 105414
Ingresos Municipales,ingresos_municipales(2021).xlsx,2021,1,0,
Ingresos Municipales,ingresos_municipales(2021).xlsx,2021,2,0,
Ingresos Municipales,ingresos_municipales(2021).xlsx,2021,3,1,AÑO 2021
Ingresos Municipales,ingresos_municipales(2021).xlsx,2021,4,173,INFORME DE INGRESOS (MUNICIPALES) | 115.03.00.000.000.000 | 115.03.01.000.000.000 | 115.03.01.001.000.000 | 115.03.01.001.001.000 | 115.03.01.001.002.000 | 115.03.01.002.000.000 | 115.03.01.002.001.000 | 115.03.01.002.002.000 | 115.03.01.002.003.000 | 115.03.01.003.000.000 | 115.03.01.003.001.000
Ingresos Municipales,ingresos_municipales(2021).xlsx,2021,5,177,Código | Comuna | Sector | Trimestre | CXC TRIBUTOS SOBRE EL USO DE BS. Y LA REALIZACION DE ACTIVIDADES | PATENTES Y TASAS POR DERECHOS | Patentes Municipales | De Beneficio Municipal | De Beneficio Fondo Común Municipal | Derechos de Aseo | En Impuesto Territorial | En Patentes Municipales
Ingresos Municipales,ingresos_municipales(2021).xlsx,2021,6,1,Región de TARAPACÁ
Ingresos Municipales,ingresos_municipales(2021).xlsx,2021,7,177,1403 | COLCHANE | MUNICIPAL | 4 | 390066 | 78834 | 1329 | 1329 | 0 | 429 | 0 | 429
Ingresos Municipales,ingresos_municipales(2021).xlsx,2021,8,177,1107 | ALTO HOSPICIO | MUNICIPAL | 4 | 5029406 | 2283418 | 977676 | 977676 | 0 | 161053 | 30137 | 113058
Ingresos Municipales,INGRESOS_MUNICIPALES_2024.xlsx,2024,1,0,
Ingresos Municipales,INGRESOS_MUNICIPALES_2024.xlsx,2024,2,0,
Ingresos Municipales,INGRESOS_MUNICIPALES_2024.xlsx,2024,3,1,AÑO 2024
Ingresos Municipales,INGRESOS_MUNICIPALES_2024.xlsx,2024,4,183,INFORME DE INGRESOS (MUNICIPALES) | 115.03.00.000.000.000 | 115.03.01.000.000.000 | 115.03.01.001.000.000 | 115.03.01.001.001.000 | 115.03.01.001.002.000 | 115.03.01.002.000.000 | 115.03.01.002.001.000 | 115.03.01.002.002.000 | 115.03.01.002.003.000 | 115.03.01.003.000.000 | 115.03.01.003.001.000
Ingresos Municipales,INGRESOS_MUNICIPALES_2024.xlsx,2024,5,187,Código | Comuna | Sector | Trimestre | CXC TRIBUTOS SOBRE EL USO DE BS. Y LA REALIZACION DE ACTIVIDADES | PATENTES Y TASAS POR DERECHOS | Patentes Municipales | De Beneficio Municipal | De Beneficio Fondo Común Municipal | Derechos de Aseo | En Impuesto Territorial | En Patentes Municipales
Ingresos Municipales,INGRESOS_MUNICIPALES_2024.xlsx,2024,6,1,Región de TARAPACÁ
Ingresos Municipales,INGRESOS_MUNICIPALES_2024.xlsx,2024,7,187,1403 | COLCHANE | MUNICIPAL | 4 | 831793 | 106606 | 1804 | 1804 | 0 | 756 | 0 | 756
Ingresos Municipales,INGRESOS_MUNICIPALES_2024.xlsx,2024,8,187,1107 | ALTO HOSPICIO | MUNICIPAL | 4 | 8609139 | 3331872 | 1413158 | 1413158 | 0 | 353996 | 50488 | 157386
Ingresos Municipales,INGRESOS_MUNICIPALES_2025.xlsx,2025,1,0,
Ingresos Municipales,INGRESOS_MUNICIPALES_2025.xlsx,2025,2,0,
Ingresos Municipales,INGRESOS_MUNICIPALES_2025.xlsx,2025,3,1,AÑO 2025
Ingresos Municipales,INGRESOS_MUNICIPALES_2025.xlsx,2025,4,183,INFORME DE INGRESOS (MUNICIPALES) | 115.03.00.000.000.000 | 115.03.01.000.000.000 | 115.03.01.001.000.000 | 115.03.01.001.001.000 | 115.03.01.001.002.000 | 115.03.01.002.000.000 | 115.03.01.002.001.000 | 115.03.01.002.002.000 | 115.03.01.002.003.000 | 115.03.01.003.000.000 | 115.03.01.003.001.000
Ingresos Municipales,INGRESOS_MUNICIPALES_2025.xlsx,2025,5,187,Código | Comuna | Sector | Trimestre | CXC TRIBUTOS SOBRE EL USO DE BS. Y LA REALIZACION DE ACTIVIDADES | PATENTES Y TASAS POR DERECHOS | Patentes Municipales | De Beneficio Municipal | De Beneficio Fondo Común Municipal | Derechos de Aseo | En Impuesto Territorial | En Patentes Municipales
Ingresos Municipales,INGRESOS_MUNICIPALES_2025.xlsx,2025,6,1,Región de TARAPACÁ
Ingresos Municipales,INGRESOS_MUNICIPALES_2025.xlsx,2025,7,187,1403 | COLCHANE | MUNICIPAL | 4 | 769354 | 82150 | 703 | 703 | 0 | 367 | 0 | 367
Ingresos Municipales,INGRESOS_MUNICIPALES_2025.xlsx,2025,8,187,1107 | ALTO HOSPICIO | MUNICIPAL | 4 | 8904135 | 3462325 | 1636937 | 1636937 | 0 | 352042 | 53116 | 172215
Ingresos Municipales,Ingresos_Percibidos_Municipal_4trim_2022.xlsx,2022,1,0,
Ingresos Municipales,Ingresos_Percibidos_Municipal_4trim_2022.xlsx,2022,2,0,
Ingresos Municipales,Ingresos_Percibidos_Municipal_4trim_2022.xlsx,2022,3,1,AÑO 2022
Ingresos Municipales,Ingresos_Percibidos_Municipal_4trim_2022.xlsx,2022,4,173,INFORME DE INGRESOS (MUNICIPALES) | 115.03.00.000.000.000 | 115.03.01.000.000.000 | 115.03.01.001.000.000 | 115.03.01.001.001.000 | 115.03.01.001.002.000 | 115.03.01.002.000.000 | 115.03.01.002.001.000 | 115.03.01.002.002.000 | 115.03.01.002.003.000 | 115.03.01.003.000.000 | 115.03.01.003.001.000
Ingresos Municipales,Ingresos_Percibidos_Municipal_4trim_2022.xlsx,2022,5,177,Código | Comuna | Sector | Trimestre | CXC TRIBUTOS SOBRE EL USO DE BS. Y LA REALIZACION DE ACTIVIDADES | PATENTES Y TASAS POR DERECHOS | Patentes Municipales | De Beneficio Municipal | De Beneficio Fondo Común Municipal | Derechos de Aseo | En Impuesto Territorial | En Patentes Municipales
Ingresos Municipales,Ingresos_Percibidos_Municipal_4trim_2022.xlsx,2022,6,1,Región de TARAPACÁ
Ingresos Municipales,Ingresos_Percibidos_Municipal_4trim_2022.xlsx,2022,7,177,1403 | COLCHANE | MUNICIPAL | 4 | 537812 | 96045 | 831 | 831 | 0 | 331 | 0 | 331
Ingresos Municipales,Ingresos_Percibidos_Municipal_4trim_2022.xlsx,2022,8,177,1107 | ALTO HOSPICIO | MUNICIPAL | 4 | 5918652 | 2445516 | 1001723 | 1001723 | 0 | 197244 | 27807 | 130604
Ingresos Municipales,Ingresos_Percibidos_Municipal_4trim_2023.xlsx,2023,1,0,
Ingresos Municipales,Ingresos_Percibidos_Municipal_4trim_2023.xlsx,2023,2,0,
Ingresos Municipales,Ingresos_Percibidos_Municipal_4trim_2023.xlsx,2023,3,1,AÑO 2023
Ingresos Municipales,Ingresos_Percibidos_Municipal_4trim_2023.xlsx,2023,4,180,INFORME DE INGRESOS (MUNICIPALES) | 115.03.00.000.000.000 | 115.03.01.000.000.000 | 115.03.01.001.000.000 | 115.03.01.001.001.000 | 115.03.01.001.002.000 | 115.03.01.002.000.000 | 115.03.01.002.001.000 | 115.03.01.002.002.000 | 115.03.01.002.003.000 | 115.03.01.003.000.000 | 115.03.01.003.001.000
Ingresos Municipales,Ingresos_Percibidos_Municipal_4trim_2023.xlsx,2023,5,184,Código | Comuna | Sector | Trimestre | CXC TRIBUTOS SOBRE EL USO DE BS. Y LA REALIZACION DE ACTIVIDADES | PATENTES Y TASAS POR DERECHOS | Patentes Municipales | De Beneficio Municipal | De Beneficio Fondo Común Municipal | Derechos de Aseo | En Impuesto Territorial | En Patentes Municipales
Ingresos Municipales,Ingresos_Percibidos_Municipal_4trim_2023.xlsx,2023,6,1,Región de TARAPACÁ
Ingresos Municipales,Ingresos_Percibidos_Municipal_4trim_2023.xlsx,2023,7,184,1403 | COLCHANE | MUNICIPAL | 4 | 704285 | 97981 | 1265 | 1265 | 0 | 699 | 0 | 699
Ingresos Municipales,Ingresos_Percibidos_Municipal_4trim_2023.xlsx,2023,8,184,1107 | ALTO HOSPICIO | MUNICIPAL | 4 | 7315660 | 2627991 | 1189895 | 1189895 | 0 | 231898 | 44507 | 148905
Ingresos Salud,Ingresos_Percibidos_Salud_4trim_2022.xlsx,2022,1,0,
Ingresos Salud,Ingresos_Percibidos_Salud_4trim_2022.xlsx,2022,2,0,
Ingresos Salud,Ingresos_Percibidos_Salud_4trim_2022.xlsx,2022,3,1,AÑO 2022
Ingresos Salud,Ingresos_Percibidos_Salud_4trim_2022.xlsx,2022,4,173,INFORME DE INGRESOS (SALUD) | SSS.03.00.000.000.000 | SSS.03.01.000.000.000 | SSS.03.01.001.000.000 | SSS.03.01.001.001.000 | SSS.03.01.001.002.000 | SSS.03.01.002.000.000 | SSS.03.01.002.001.000 | SSS.03.01.002.002.000 | SSS.03.01.002.003.000 | SSS.03.01.003.000.000 | SSS.03.01.003.001.000
Ingresos Salud,Ingresos_Percibidos_Salud_4trim_2022.xlsx,2022,5,177,Código | Comuna | Sector | Trimestre | CXC TRIBUTOS SOBRE EL USO DE BS. Y LA REALIZACION DE ACTIVIDADES | PATENTES Y TASAS POR DERECHOS | Patentes Municipales | De Beneficio Municipal | De Beneficio Fondo Común Municipal | Derechos de Aseo | En Impuesto Territorial | En Patentes Municipales
Ingresos Salud,Ingresos_Percibidos_Salud_4trim_2022.xlsx,2022,6,1,Región de TARAPACÁ
Ingresos Salud,Ingresos_Percibidos_Salud_4trim_2022.xlsx,2022,7,177,1403 | COLCHANE | SALUD | 4 | 0 | 0 | 0 | 0 | 0 | 0 | 0 | 0
Ingresos Salud,Ingresos_Percibidos_Salud_4trim_2022.xlsx,2022,8,177,1107 | ALTO HOSPICIO | SALUD | 4 | 0 | 0 | 0 | 0 | 0 | 0 | 0 | 0
Ingresos Salud,Ingresos_Percibidos_Salud_4trim_2023.xlsx,2023,1,0,
Ingresos Salud,Ingresos_Percibidos_Salud_4trim_2023.xlsx,2023,2,0,
Ingresos Salud,Ingresos_Percibidos_Salud_4trim_2023.xlsx,2023,3,1,AÑO 2023
Ingresos Salud,Ingresos_Percibidos_Salud_4trim_2023.xlsx,2023,4,180,INFORME DE INGRESOS (SALUD) | SSS.03.00.000.000.000 | SSS.03.01.000.000.000 | SSS.03.01.001.000.000 | SSS.03.01.001.001.000 | SSS.03.01.001.002.000 | SSS.03.01.002.000.000 | SSS.03.01.002.001.000 | SSS.03.01.002.002.000 | SSS.03.01.002.003.000 | SSS.03.01.003.000.000 | SSS.03.01.003.001.000
Ingresos Salud,Ingresos_Percibidos_Salud_4trim_2023.xlsx,2023,5,184,Código | Comuna | Sector | Trimestre | CXC TRIBUTOS SOBRE EL USO DE BS. Y LA REALIZACION DE ACTIVIDADES | PATENTES Y TASAS POR DERECHOS | Patentes Municipales | De Beneficio Municipal | De Beneficio Fondo Común Municipal | Derechos de Aseo | En Impuesto Territorial | En Patentes Municipales
Ingresos Salud,Ingresos_Percibidos_Salud_4trim_2023.xlsx,2023,6,1,Región de TARAPACÁ
Ingresos Salud,Ingresos_Percibidos_Salud_4trim_2023.xlsx,2023,7,184,1403 | COLCHANE | SALUD | 4 | 0 | 0 | 0 | 0 | 0 | 0 | 0 | 0
Ingresos Salud,Ingresos_Percibidos_Salud_4trim_2023.xlsx,2023,8,184,1107 | ALTO HOSPICIO | SALUD | 4 | 0 | 0 | 0 | 0 | 0 | 0 | 0 | 0
Ingresos Salud,ingresos_salud(2015).xlsx,2015,1,0,
Ingresos Salud,ingresos_salud(2015).xlsx,2015,2,0,
Ingresos Salud,ingresos_salud(2015).xlsx,2015,3,1,AÑO 2015
Ingresos Salud,ingresos_salud(2015).xlsx,2015,4,162,INFORME DE INGRESOS (SALUD) | SSS.03.00.000.000.000 | SSS.03.01.000.000.000 | SSS.03.01.001.000.000 | SSS.03.01.001.001.000 | SSS.03.01.001.002.000 | SSS.03.01.002.000.000 | SSS.03.01.002.001.000 | SSS.03.01.002.002.000 | SSS.03.01.002.003.000 | SSS.03.01.003.000.000 | SSS.03.01.003.001.000
Ingresos Salud,ingresos_salud(2015).xlsx,2015,5,166,Código | Comuna | Sector | Trimestre | TRIBUTOS SOBRE EL USO DE BS. Y LA REALIZACION DE ACTIVIDADES | PATENTES Y TASAS POR DERECHOS | Patentes Municipales | De Beneficio Municipal | De Beneficio Fondo Común Municipal | Derechos de Aseo | En Impuesto Territorial | En Patentes Municipales
Ingresos Salud,ingresos_salud(2015).xlsx,2015,6,1,Región de TARAPACA
Ingresos Salud,ingresos_salud(2015).xlsx,2015,7,166,1403 | COLCHANE | SALUD | 4 | 0 | 0 | 0 | 0 | 0 | 0 | 0 | 0
Ingresos Salud,ingresos_salud(2015).xlsx,2015,8,166,1107 | ALTO HOSPICIO | SALUD | 4 | 0 | 0 | 0 | 0 | 0 | 0 | 0 | 0
Ingresos Salud,ingresos_salud(2016).xlsx,2016,1,0,
Ingresos Salud,ingresos_salud(2016).xlsx,2016,2,0,
Ingresos Salud,ingresos_salud(2016).xlsx,2016,3,1,AÑO 2016
Ingresos Salud,ingresos_salud(2016).xlsx,2016,4,162,INFORME DE INGRESOS (SALUD) | SSS.03.00.000.000.000 | SSS.03.01.000.000.000 | SSS.03.01.001.000.000 | SSS.03.01.001.001.000 | SSS.03.01.001.002.000 | SSS.03.01.002.000.000 | SSS.03.01.002.001.000 | SSS.03.01.002.002.000 | SSS.03.01.002.003.000 | SSS.03.01.003.000.000 | SSS.03.01.003.001.000
Ingresos Salud,ingresos_salud(2016).xlsx,2016,5,166,Código | Comuna | Sector | Trimestre | TRIBUTOS SOBRE EL USO DE BS. Y LA REALIZACION DE ACTIVIDADES | PATENTES Y TASAS POR DERECHOS | Patentes Municipales | De Beneficio Municipal | De Beneficio Fondo Común Municipal | Derechos de Aseo | En Impuesto Territorial | En Patentes Municipales
Ingresos Salud,ingresos_salud(2016).xlsx,2016,6,1,Región de TARAPACA
Ingresos Salud,ingresos_salud(2016).xlsx,2016,7,166,1403 | COLCHANE | SALUD | 4 | 0 | 0 | 0 | 0 | 0 | 0 | 0 | 0
Ingresos Salud,ingresos_salud(2016).xlsx,2016,8,166,1107 | ALTO HOSPICIO | SALUD | 4 | 0 | 0 | 0 | 0 | 0 | 0 | 0 | 0
Ingresos Salud,ingresos_salud(2017).xlsx,2017,1,0,
Ingresos Salud,ingresos_salud(2017).xlsx,2017,2,0,
Ingresos Salud,ingresos_salud(2017).xlsx,2017,3,1,AÑO 2017
Ingresos Salud,ingresos_salud(2017).xlsx,2017,4,162,INFORME DE INGRESOS (SALUD) | SSS.03.00.000.000.000 | SSS.03.01.000.000.000 | SSS.03.01.001.000.000 | SSS.03.01.001.001.000 | SSS.03.01.001.002.000 | SSS.03.01.002.000.000 | SSS.03.01.002.001.000 | SSS.03.01.002.002.000 | SSS.03.01.002.003.000 | SSS.03.01.003.000.000 | SSS.03.01.003.001.000
Ingresos Salud,ingresos_salud(2017).xlsx,2017,5,166,Código | Comuna | Sector | Trimestre | TRIBUTOS SOBRE EL USO DE BS. Y LA REALIZACION DE ACTIVIDADES | PATENTES Y TASAS POR DERECHOS | Patentes Municipales | De Beneficio Municipal | De Beneficio Fondo Común Municipal | Derechos de Aseo | En Impuesto Territorial | En Patentes Municipales
Ingresos Salud,ingresos_salud(2017).xlsx,2017,6,1,Región de TARAPACA
Ingresos Salud,ingresos_salud(2017).xlsx,2017,7,166,1403 | COLCHANE | SALUD | 4 | 0 | 0 | 0 | 0 | 0 | 0 | 0 | 0
Ingresos Salud,ingresos_salud(2017).xlsx,2017,8,166,1107 | ALTO HOSPICIO | SALUD | 4 | 0 | 0 | 0 | 0 | 0 | 0 | 0 | 0
Ingresos Salud,ingresos_salud(2018).xlsx,2018,1,0,
Ingresos Salud,ingresos_salud(2018).xlsx,2018,2,0,
Ingresos Salud,ingresos_salud(2018).xlsx,2018,3,1,AÑO 2018
Ingresos Salud,ingresos_salud(2018).xlsx,2018,4,162,INFORME DE INGRESOS (SALUD) | SSS.03.00.000.000.000 | SSS.03.01.000.000.000 | SSS.03.01.001.000.000 | SSS.03.01.001.001.000 | SSS.03.01.001.002.000 | SSS.03.01.002.000.000 | SSS.03.01.002.001.000 | SSS.03.01.002.002.000 | SSS.03.01.002.003.000 | SSS.03.01.003.000.000 | SSS.03.01.003.001.000
Ingresos Salud,ingresos_salud(2018).xlsx,2018,5,166,Código | Comuna | Sector | Trimestre | TRIBUTOS SOBRE EL USO DE BS. Y LA REALIZACION DE ACTIVIDADES | PATENTES Y TASAS POR DERECHOS | Patentes Municipales | De Beneficio Municipal | De Beneficio Fondo Común Municipal | Derechos de Aseo | En Impuesto Territorial | En Patentes Municipales
Ingresos Salud,ingresos_salud(2018).xlsx,2018,6,1,Región de TARAPACÁ
Ingresos Salud,ingresos_salud(2018).xlsx,2018,7,166,1403 | COLCHANE | SALUD | 4 | 0 | 0 | 0 | 0 | 0 | 0 | 0 | 0
Ingresos Salud,ingresos_salud(2018).xlsx,2018,8,166,1107 | ALTO HOSPICIO | SALUD | 4 | 0 | 0 | 0 | 0 | 0 | 0 | 0 | 0
Ingresos Salud,ingresos_salud(2019).xlsx,2019,1,0,
Ingresos Salud,ingresos_salud(2019).xlsx,2019,2,0,
Ingresos Salud,ingresos_salud(2019).xlsx,2019,3,1,AÑO 2019
Ingresos Salud,ingresos_salud(2019).xlsx,2019,4,173,INFORME DE INGRESOS (SALUD) | SSS.03.00.000.000.000 | SSS.03.01.000.000.000 | SSS.03.01.001.000.000 | SSS.03.01.001.001.000 | SSS.03.01.001.002.000 | SSS.03.01.002.000.000 | SSS.03.01.002.001.000 | SSS.03.01.002.002.000 | SSS.03.01.002.003.000 | SSS.03.01.003.000.000 | SSS.03.01.003.001.000
Ingresos Salud,ingresos_salud(2019).xlsx,2019,5,177,Código | Comuna | Sector | Trimestre | CXC TRIBUTOS SOBRE EL USO DE BS. Y LA REALIZACION DE ACTIVIDADES | PATENTES Y TASAS POR DERECHOS | Patentes Municipales | De Beneficio Municipal | De Beneficio Fondo Común Municipal | Derechos de Aseo | En Impuesto Territorial | En Patentes Municipales
Ingresos Salud,ingresos_salud(2019).xlsx,2019,6,1,Región de TARAPACÁ
Ingresos Salud,ingresos_salud(2019).xlsx,2019,7,177,1403 | COLCHANE | SALUD | 4 | 0 | 0 | 0 | 0 | 0 | 0 | 0 | 0
Ingresos Salud,ingresos_salud(2019).xlsx,2019,8,177,1107 | ALTO HOSPICIO | SALUD | 4 | 0 | 0 | 0 | 0 | 0 | 0 | 0 | 0
Ingresos Salud,ingresos_salud(2020).xlsx,2020,1,0,
Ingresos Salud,ingresos_salud(2020).xlsx,2020,2,0,
Ingresos Salud,ingresos_salud(2020).xlsx,2020,3,1,AÑO 2020
Ingresos Salud,ingresos_salud(2020).xlsx,2020,4,173,INFORME DE INGRESOS (SALUD) | SSS.03.00.000.000.000 | SSS.03.01.000.000.000 | SSS.03.01.001.000.000 | SSS.03.01.001.001.000 | SSS.03.01.001.002.000 | SSS.03.01.002.000.000 | SSS.03.01.002.001.000 | SSS.03.01.002.002.000 | SSS.03.01.002.003.000 | SSS.03.01.003.000.000 | SSS.03.01.003.001.000
Ingresos Salud,ingresos_salud(2020).xlsx,2020,5,177,Código | Comuna | Sector | Trimestre | CXC TRIBUTOS SOBRE EL USO DE BS. Y LA REALIZACION DE ACTIVIDADES | PATENTES Y TASAS POR DERECHOS | Patentes Municipales | De Beneficio Municipal | De Beneficio Fondo Común Municipal | Derechos de Aseo | En Impuesto Territorial | En Patentes Municipales
Ingresos Salud,ingresos_salud(2020).xlsx,2020,6,1,Región de TARAPACÁ
Ingresos Salud,ingresos_salud(2020).xlsx,2020,7,177,1403 | COLCHANE | SALUD | 4 | 0 | 0 | 0 | 0 | 0 | 0 | 0 | 0
Ingresos Salud,ingresos_salud(2020).xlsx,2020,8,177,1107 | ALTO HOSPICIO | SALUD | 4 | 0 | 0 | 0 | 0 | 0 | 0 | 0 | 0
Ingresos Salud,ingresos_salud(2021).xlsx,2021,1,0,
Ingresos Salud,ingresos_salud(2021).xlsx,2021,2,0,
Ingresos Salud,ingresos_salud(2021).xlsx,2021,3,1,AÑO 2021
Ingresos Salud,ingresos_salud(2021).xlsx,2021,4,173,INFORME DE INGRESOS (SALUD) | SSS.03.00.000.000.000 | SSS.03.01.000.000.000 | SSS.03.01.001.000.000 | SSS.03.01.001.001.000 | SSS.03.01.001.002.000 | SSS.03.01.002.000.000 | SSS.03.01.002.001.000 | SSS.03.01.002.002.000 | SSS.03.01.002.003.000 | SSS.03.01.003.000.000 | SSS.03.01.003.001.000
Ingresos Salud,ingresos_salud(2021).xlsx,2021,5,177,Código | Comuna | Sector | Trimestre | CXC TRIBUTOS SOBRE EL USO DE BS. Y LA REALIZACION DE ACTIVIDADES | PATENTES Y TASAS POR DERECHOS | Patentes Municipales | De Beneficio Municipal | De Beneficio Fondo Común Municipal | Derechos de Aseo | En Impuesto Territorial | En Patentes Municipales
Ingresos Salud,ingresos_salud(2021).xlsx,2021,6,1,Región de TARAPACÁ
Ingresos Salud,ingresos_salud(2021).xlsx,2021,7,177,1403 | COLCHANE | SALUD | 4 | 0 | 0 | 0 | 0 | 0 | 0 | 0 | 0
Ingresos Salud,ingresos_salud(2021).xlsx,2021,8,177,1107 | ALTO HOSPICIO | SALUD | 4 | 0 | 0 | 0 | 0 | 0 | 0 | 0 | 0
Ingresos Salud,INGRESOS_SALUD_2024.xlsx,2024,1,0,
Ingresos Salud,INGRESOS_SALUD_2024.xlsx,2024,2,0,
Ingresos Salud,INGRESOS_SALUD_2024.xlsx,2024,3,1,AÑO 2024
Ingresos Salud,INGRESOS_SALUD_2024.xlsx,2024,4,183,INFORME DE INGRESOS (SALUD) | SSS.03.00.000.000.000 | SSS.03.01.000.000.000 | SSS.03.01.001.000.000 | SSS.03.01.001.001.000 | SSS.03.01.001.002.000 | SSS.03.01.002.000.000 | SSS.03.01.002.001.000 | SSS.03.01.002.002.000 | SSS.03.01.002.003.000 | SSS.03.01.003.000.000 | SSS.03.01.003.001.000
Ingresos Salud,INGRESOS_SALUD_2024.xlsx,2024,5,187,Código | Comuna | Sector | Trimestre | CXC TRIBUTOS SOBRE EL USO DE BS. Y LA REALIZACION DE ACTIVIDADES | PATENTES Y TASAS POR DERECHOS | Patentes Municipales | De Beneficio Municipal | De Beneficio Fondo Común Municipal | Derechos de Aseo | En Impuesto Territorial | En Patentes Municipales
Ingresos Salud,INGRESOS_SALUD_2024.xlsx,2024,6,1,Región de TARAPACÁ
Ingresos Salud,INGRESOS_SALUD_2024.xlsx,2024,7,187,1403 | COLCHANE | SALUD | 4 | 0 | 0 | 0 | 0 | 0 | 0 | 0 | 0
Ingresos Salud,INGRESOS_SALUD_2024.xlsx,2024,8,187,1107 | ALTO HOSPICIO | SALUD | 4 | 0 | 0 | 0 | 0 | 0 | 0 | 0 | 0
Ingresos Salud,INGRESOS_SALUD_2025.xlsx,2025,1,0,
Ingresos Salud,INGRESOS_SALUD_2025.xlsx,2025,2,0,
Ingresos Salud,INGRESOS_SALUD_2025.xlsx,2025,3,1,AÑO 2025
Ingresos Salud,INGRESOS_SALUD_2025.xlsx,2025,4,183,INFORME DE INGRESOS (SALUD) | SSS.03.00.000.000.000 | SSS.03.01.000.000.000 | SSS.03.01.001.000.000 | SSS.03.01.001.001.000 | SSS.03.01.001.002.000 | SSS.03.01.002.000.000 | SSS.03.01.002.001.000 | SSS.03.01.002.002.000 | SSS.03.01.002.003.000 | SSS.03.01.003.000.000 | SSS.03.01.003.001.000
Ingresos Salud,INGRESOS_SALUD_2025.xlsx,2025,5,187,Código | Comuna | Sector | Trimestre | CXC TRIBUTOS SOBRE EL USO DE BS. Y LA REALIZACION DE ACTIVIDADES | PATENTES Y TASAS POR DERECHOS | Patentes Municipales | De Beneficio Municipal | De Beneficio Fondo Común Municipal | Derechos de Aseo | En Impuesto Territorial | En Patentes Municipales
Ingresos Salud,INGRESOS_SALUD_2025.xlsx,2025,6,1,Región de TARAPACÁ
Ingresos Salud,INGRESOS_SALUD_2025.xlsx,2025,7,187,1403 | COLCHANE | SALUD | 4 | 0 | 0 | 0 | 0 | 0 | 0 | 0 | 0
Ingresos Salud,INGRESOS_SALUD_2025.xlsx,2025,8,187,1107 | ALTO HOSPICIO | SALUD | 4 | 0 | 0 | 0 | 0 | 0 | 0 | 0 | 0
